Symbol,Name
ftgc,First Trust Global Tactical Commodity Strategy Fund
arna,"Arena Pharmaceuticals, Inc."
exc,Exelon Corporation
nvda,NVIDIA Corporation
kbwb,Invesco KBW Bank ETF
pdlb,PDL Community Bancorp
shen,Shenandoah Telecommunications Co
mpb,Mid Penn Bancorp
any,Sphere 3D Corp.
ftnt,"Fortinet, Inc."
myos,MYOS RENS Technology Inc.
gfncp,General Finance Corporation
vtwv,Vanguard Russell 2000 Value ETF
lbai,"Lakeland Bancorp, Inc."
mtp,Midatech Pharma PLC
celh,"Celsius Holdings, Inc."
prft,"Perficient, Inc."
qcom,QUALCOMM Incorporated
pdco,"Patterson Companies, Inc."
iphs,"Innophos Holdings, Inc."
sgry,"Surgery Partners, Inc."
hlne,Hamilton Lane Incorporated
cpix,Cumberland Pharmaceuticals Inc.
qadb,QAD Inc.
viab,Viacom Inc.
avgo,Broadcom Inc.
smtc,Semtech Corporation
pmd,Psychemedics Corporation
cswi,"CSW Industrials, Inc."
mdrx,"Allscripts Healthcare Solutions, Inc."
ixus,iShares Core MSCI Total International Stock ETF
dgrs,WisdomTree U.S. SmallCap Quality Dividend Growth Fund
wsfs,WSFS Financial Corporation
mara,"Marathon Patent Group, Inc."
pdli,"PDL BioPharma, Inc."
vstm,"Verastem, Inc."
gild,"Gilead Sciences, Inc."
isrg,"Intuitive Surgical, Inc."
mobl,"MobileIron, Inc."
hubg,"Hub Group, Inc."
oxlcm,Oxford Lane Capital Corp.
mime,Mimecast Limited
blbd,Blue Bird Corporation
geccl,Great Elm Capital Corp.
ntic,Northern Technologies International Corporation
unit,Uniti Group Inc.
mgyr,"Magyar Bancorp, Inc."
hrtx,"Heron Therapeutics, Inc.  "
ishg,iShares 1-3 Year International Treasury Bond ETF
ttph,"Tetraphase Pharmaceuticals, Inc."
obsv,ObsEva SA
wrld,World Acceptance Corporation
mdgl,"Madrigal Pharmaceuticals, Inc."
clar,Clarus Corporation
jakk,"JAKKS Pacific, Inc."
dxyn,"The Dixie Group, Inc."
gogl,Golden Ocean Group Limited
strl,Sterling Construction Company Inc
cnsl,"Consolidated Communications Holdings, Inc."
dgrw,WisdomTree U.S. Quality Dividend Growth Fund
hafc,Hanmi Financial Corporation
lbtyb,Liberty Global plc
zlab,Zai Lab Limited
cbrl,"Cracker Barrel Old Country Store, Inc."
jbht,"J.B. Hunt Transport Services, Inc."
jcs,"Communications Systems, Inc."
csml,IQ Chaikin U.S. Small Cap ETF
alsk,"Alaska Communications Systems Group, Inc."
csse,"Chicken Soup for the Soul Entertainment, Inc."
prsc,The Providence Service Corporation
blph,"Bellerophon Therapeutics, Inc."
nhldw,National Holdings Corporation
mlnt,"Melinta Therapeutics, Inc."
stks,"The ONE Group Hospitality, Inc."
cybe,CyberOptics Corporation
ftft,Future FinTech Group Inc.
ptct,"PTC Therapeutics, Inc."
pope,Pope Resources
sfix,"Stitch Fix, Inc."
tait,Taitron Components Incorporated
zn,Zion Oil 
avnw,"Aviat Networks, Inc."
cetx,Cemtrex Inc.
insm,"Insmed, Inc."
tcx,Tucows Inc.
cpsi,"Computer Programs and Systems, Inc."
rmti,"Rockwell Medical, Inc."
axti,AXT Inc
cznc,Citizens & Northern Corp
ocsll,Oaktree Specialty Lending Corporation
expe,"Expedia Group, Inc."
geny,Principal Millennials Index ETF
nbix,"Neurocrine Biosciences, Inc."
abeo,Abeona Therapeutics Inc.
catc,Cambridge Bancorp
nfbk,"Northfield Bancorp, Inc."
webk,"Wellesley Bancorp, Inc."
cytk,"Cytokinetics, Incorporated"
vong,Vanguard Russell 1000 Growth ETF
ygyi,"Youngevity International, Inc."
isca,International Speedway Corporation
ears,Auris Medical Holding Ltd.
kin,"Kindred Biosciences, Inc."
irwd,"Ironwood Pharmaceuticals, Inc."
ship,Seanergy Maritime Holdings Corp
oesx,"Orion Energy Systems, Inc."
safm,"Sanderson Farms, Inc."
loco,"El Pollo Loco Holdings, Inc."
fem,First Trust Emerging Markets AlphaDEX Fund
glng,Golar LNG Limited
ifrx,InflaRx N.V.
pset,Principal Price Setters Index ETF
cstr,"CapStar Financial Holdings, Inc."
nhtc,Natural Health Trends Corp.
hbano,Huntington Bancshares Incorporated
whf,"WhiteHorse Finance, Inc."
flxs,"Flexsteel Industries, Inc."
dwfi,SPDR Dorsey Wright Fixed Income Allocation ETF
ptnr,Partner Communications Company Ltd.
dltr,"Dollar Tree, Inc."
amgn,Amgen Inc.
psci,Invesco S&P SmallCap Industrials ETF
fnx,First Trust Mid Cap Core AlphaDEX Fund
pbhc,"Pathfinder Bancorp, Inc."
nghc,National General Holdings Corp
mlvf,"Malvern Bancorp, Inc."
nnbr,"NN, Inc."
tannl,TravelCenters of America Inc. 
carz,First Trust NASDAQ Global Auto Index Fund
bick,First Trust BICK Index Fund
tvty,"Tivity Health, Inc."
iclr,ICON plc
vmbs,Vanguard Mortgage-Backed Securities ETF
sbt,"Sterling Bancorp, Inc."
aker,Akers Biosciences Inc.
rushb,"Rush Enterprises, Inc."
tsco,Tractor Supply Company
iac,IAC/InterActiveCorp
osn,"Ossen Innovation Co., Ltd."
bsqr,BSQUARE Corporation
lfus,"Littelfuse, Inc."
pahc,Phibro Animal Health Corporation
qyld,Global X NASDAQ-100 Covered Call ETF
dslv,Credit Suisse AG
fmk,First Trust Mega Cap AlphaDEX Fund
amsc,American Superconductor Corporation
rpd,"Rapid7, Inc."
bsrr,Sierra Bancorp
vtip,Vanguard Short-Term Inflation-Protected Securities Index Fund
pih,"1347 Property Insurance Holdings, Inc."
abus,Arbutus Biopharma Corporation
dlth,Duluth Holdings Inc.
whlm,"Wilhelmina International, Inc."
dmlp,"Dorchester Minerals, L.P."
adrd,Invesco BLDRS Developed Markets 100 ADR Index Fund
albo,"Albireo Pharma, Inc."
exas,Exact Sciences Corporation
dlhc,DLH Holdings Corp.
mict,"MICT, Inc."
amrh,"Ameri Holdings, Inc."
cptag,Capitala Finance Corp.
snhnl,Senior Housing Properties Trust
snbr,Sleep Number Corporation
cern,Cerner Corporation
tgen,Tecogen Inc.
gtyh,"GTY Technology Holdings, Inc."
cnat,Conatus Pharmaceuticals Inc.
hebt,"Hebron Technology Co., Ltd."
hban,Huntington Bancshares Incorporated
achc,"Acadia Healthcare Company, Inc."
isrl,"Isramco, Inc."
kgji,Kingold Jewelry Inc.
gblil,Global Indemnity Limited
ndaq,"Nasdaq, Inc."
slgn,Silgan Holdings Inc.
blcm,"Bellicum Pharmaceuticals, Inc."
run,Sunrun Inc.
core,"Core-Mark Holding Company, Inc."
mdlz,"Mondelez International, Inc."
ncna,NuCana plc
zyne,"Zynerba Pharmaceuticals, Inc."
regi,"Renewable Energy Group, Inc."
opnt,"Opiant Pharmaceuticals, Inc."
mrln,Marlin Business Services Corp.
uslm,"United States Lime & Minerals, Inc."
tcbil,"Texas Capital Bancshares, Inc."
ufpi,"Universal Forest Products, Inc."
sqlv,Legg Mason Small-Cap Quality Value ETF
pflt,PennantPark Floating Rate Capital Ltd.
fad,First Trust Multi Cap Growth AlphaDEX Fund
tbk,"Triumph Bancorp, Inc."
esea,Euroseas Ltd.
vrtsp,"Virtus Investment Partners, Inc."
msbi,"Midland States Bancorp, Inc."
hvbc,"HV Bancorp, Inc."
anik,Anika Therapeutics Inc.
airt,"Air T, Inc."
hele,Helen of Troy Limited
nvcr,NovoCure Limited
atai,ATA Creativity Global
trib,Trinity Biotech plc
cspi,CSP Inc.
fult,Fulton Financial Corporation
laws,"Lawson Products, Inc."
sqbg,"Sequential Brands Group, Inc."
sp,SP Plus Corporation
bdsi,"BioDelivery Sciences International, Inc."
myl,Mylan N.V.
pnrg,PrimeEnergy Resources Corporation
eeft,"Euronet Worldwide, Inc."
mfsf,MutualFirst Financial Inc.
sohoo,Sotherly Hotels Inc.
sncr,"Synchronoss Technologies, Inc."
tcf,TCF Financial Corporation
dsgx,The Descartes Systems Group Inc.
kalv,"KalVista Pharmaceuticals, Inc."
fdts,First Trust Developed Markets ex-US Small Cap AlphaDEX Fund
ftxg,First Trust Nasdaq Food & Beverage ETF
sage,"Sage Therapeutics, Inc."
cers,Cerus Corporation
shy,iShares 1-3 Year Treasury Bond ETF
cy,Cypress Semiconductor Corporation
aqb,"AquaBounty Technologies, Inc."
pfmt,Performant Financial Corporation
vvpr,VivoPower International PLC
disca,"Discovery, Inc."
eml,Eastern Company (The)
band,Bandwidth Inc.
boom,DMC Global Inc.
leco,"Lincoln Electric Holdings, Inc."
okta,"Okta, Inc."
artx,Arotech Corporation
dffn,Diffusion Pharmaceuticals Inc.
egov,NIC Inc.
idxx,"IDEXX Laboratories, Inc."
fisv,"Fiserv, Inc."
csq,Calamos Strategic Total Return Fund
vbtx,"Veritex Holdings, Inc."
ttek,"Tetra Tech, Inc."
lind,Lindblad Expeditions Holdings Inc. 
wrls,Pensare Acquisition Corp.
mhld,"Maiden Holdings, Ltd."
inva,"Innoviva, Inc."
kcapl,Portman Ridge Finance Corporation
cnty,"Century Casinos, Inc."
amcx,AMC Networks Inc.
celg,Celgene Corporation
ucfc,United Community Financial Corp.
cort,Corcept Therapeutics Incorporated
gsum,Gridsum Holding Inc.
vktxw,"Viking Therapeutics, Inc."
colm,Columbia Sportswear Company
lmfa,"LM Funding America, Inc."
lmfaw,"LM Funding America, Inc."
brkl,"Brookline Bancorp, Inc."
goog,Alphabet Inc.
hbio,"Harvard Bioscience, Inc."
rgco,RGC Resources Inc.
aldr,"Alder BioPharmaceuticals, Inc."
cui,"CUI Global, Inc."
utsi,UTStarcom Holdings Corp
fems,First Trust Emerging Markets Small Cap AlphaDEX Fund
amrs,"Amyris, Inc."
enta,"Enanta Pharmaceuticals, Inc."
expo,"Exponent, Inc."
mnkd,MannKind Corporation
cdor,"Condor Hospitality Trust, Inc."
wstl,"Westell Technologies, Inc."
cmpr,Cimpress N.V
weys,"Weyco Group, Inc."
strt,Strattec Security Corporation
mrsn,"Mersana Therapeutics, Inc."
meip,"MEI Pharma, Inc."
jrjc,China Finance Online Co. Limited
amrhw,"Ameri Holdings, Inc."
obas,Optibase Ltd.
ichr,Ichor Holdings
gbt,"Global Blood Therapeutics, Inc."
lmrko,Landmark Infrastructure Partners LP
nwpx,Northwest Pipe Company
scci,"Shimmick Construction Company, Inc."
pscd,Invesco S&P SmallCap Consumer Discretionary ETF
snsr,Global X Internet of Things ETF
wafd,"Washington Federal, Inc."
prfz,Invesco FTSE RAFI US 1500 Small-Mid ETF
has,"Hasbro, Inc."
sumr,"Summer Infant, Inc."
urgn,UroGen Pharma Ltd.
snde,Sundance Energy Australia Limited
ebix,"Ebix, Inc."
acmr,"ACM Research, Inc."
agen,Agenus Inc.
clsn,Celsion Corporation
eyes,"Second Sight Medical Products, Inc."
pth,Invesco DWA Healthcare Momentum ETF
gyro,"Gyrodyne , LLC"
egan,eGain Corporation
glyc,"GlycoMimetics, Inc."
wltw,Willis Towers Watson Public Limited Company
ndls,Noodles & Company
sabr,Sabre Corporation
mgi,"Moneygram International, Inc."
vmet,Viamet Pharmaceuticals Corp.
fcvt,First Trust SSI Strategic Convertible Securities ETF
bldp,"Ballard Power Systems, Inc."
psce,Invesco S&P SmallCap Energy ETF
apei,"American Public Education, Inc."
comm,"CommScope Holding Company, Inc."
rvnc,"Revance Therapeutics, Inc."
nymt,"New York Mortgage Trust, Inc."
holi,"Hollysys Automation Technologies, Ltd."
nept,Neptune Wellness Solutions Inc.
nete,"Net Element, Inc."
beat,"BioTelemetry, Inc."
alpn,"Alpine Immune Sciences, Inc."
kins,"Kingstone Companies, Inc"
prim,Primoris Services Corporation
lrge,ClearBridge Large Cap Growth ESG ETF
pavmw,PAVmed Inc.
plpc,Preformed Line Products Company
ylde,ClearBridge Dividend Strategy ESG ETF
veco,Veeco Instruments Inc.
fbiz,"First Business Financial Services, Inc."
lulu,lululemon athletica inc.
wb,Weibo Corporation
bmrc,Bank of Marin Bancorp
mgpi,"MGP Ingredients, Inc."
ent,Global Eagle Entertainment Inc.
cmcsa,Comcast Corporation
ovid,Ovid Therapeutics Inc.
amba,"Ambarella, Inc."
rdnt,"RadNet, Inc."
cdev,"Centennial Resource Development, Inc."
jmu,JMU Limited
klac,KLA Corporation 
rven,"Reven Housing REIT, Inc."
idcc,"InterDigital, Inc."
dwat,Arrow DWA Tactical ETF
vktx,"Viking Therapeutics, Inc."
cdxc,ChromaDex Corporation
echo,"Echo Global Logistics, Inc."
dwsn,Dawson Geophysical Company
cvti,"Covenant Transportation Group, Inc."
fmbi,"First Midwest Bancorp, Inc."
uboh,"United Bancshares, Inc."
jva,"Coffee Holding Co., Inc."
algn,"Align Technology, Inc."
tsbk,"Timberland Bancorp, Inc."
frba,First Bank
cake,The Cheesecake Factory Incorporated
cswc,Capital Southwest Corporation
laur,"Laureate Education, Inc."
hstm,"HealthStream, Inc."
trip,"TripAdvisor, Inc."
ctsh,Cognizant Technology Solutions Corporation
fsv,FirstService Corporation
sret,Global X SuperDividend REIT ETF
lyl,Dragon Victory International Limited
sgc,"Superior Group of Companies, Inc."
stba,"S&T Bancorp, Inc."
gsm,Ferroglobe PLC
koss,Koss Corporation
gldd,Great Lakes Dredge & Dock Corporation
sqqq,ProShares UltraPro Short QQQ
piz,Invesco DWA Developed Markets Momentum ETF
sino,"Sino-Global Shipping America, Ltd."
amed,Amedisys Inc
usak,"USA Truck, Inc."
comt,iShares Commodities Select Strategy ETF
pnqi,Invesco Nasdaq Internet ETF
sga,"Saga Communications, Inc."
nesr,National Energy Services Reunited Corp.
epay,"Bottomline Technologies, Inc."
adtn,"ADTRAN, Inc."
bidu,"Baidu, Inc."
ceva,"CEVA, Inc."
agncn,AGNC Investment Corp.
disck,"Discovery, Inc."
acnb,ACNB Corporation
dusa,Davis Select U.S. Equity ETF
rmbs,"Rambus, Inc."
dnkn,"Dunkin&#39; Brands Group, Inc."
belfb,Bel Fuse Inc.
kbal,"Kimball International, Inc."
brid,Bridgford Foods Corporation
oflx,"Omega Flex, Inc."
ziop,ZIOPHARM Oncology Inc
bcbp,"BCB Bancorp, Inc. (NJ)"
redu,RISE Education Cayman Ltd
z,"Zillow Group, Inc."
mind,"Mitcham Industries, Inc."
bkcc,BlackRock Capital Investment Corporation
tivo,TiVo Corporation
acglo,Arch Capital Group Ltd.
lstr,"Landstar System, Inc."
anab,"AnaptysBio, Inc."
reed,"Reeds, Inc."
roll,RBC Bearings Incorporated
acgl,Arch Capital Group Ltd.
pirs,"Pieris Pharmaceuticals, Inc."
form,"FormFactor, Inc."
ifgl,iShares FTSE EPRA/NAREIT Global Real Estate ex-U.S. Index Fund
emms,Emmis Communications Corporation
srva,"SIRVA, Inc."
hyzd,WisdomTree Interest Rate Hedged High Yield Bond Fund
mrtx,"Mirati Therapeutics, Inc."
silc,Silicom Ltd
tatt,TAT Technologies Ltd.
jcom,"j2 Global, Inc."
snh,Senior Housing Properties Trust
xone,The ExOne Company
mik,"The Michaels Companies, Inc."
sivb,SVB Financial Group
clro,"ClearOne, Inc."
vsec,VSE Corporation
schl,Scholastic Corporation
ltrpb,"Liberty TripAdvisor Holdings, Inc."
rcm,R1 RCM Inc.
ccmp,Cabot Microelectronics Corporation
cfms,"ConforMIS, Inc."
hpj,Highpower International Inc
fgen,"FibroGen, Inc"
grid,First Trust NASDAQ Clean Edge Smart Grid Infrastructure Index 
ions,"Ionis Pharmaceuticals, Inc."
hair,"Restoration Robotics, Inc."
dakt,"Daktronics, Inc."
dest,Destination Maternity Corporation
mysz,"My Size, Inc."
ffic,Flushing Financial Corporation
cdtx,"Cidara Therapeutics, Inc."
glpi,"Gaming and Leisure Properties, Inc."
ubcp,"United Bancorp, Inc."
trhc,"Tabula Rasa HealthCare, Inc."
ghdx,"Genomic Health, Inc."
sny,Sanofi
gthx,"G1 Therapeutics, Inc."
kfrc,"Kforce, Inc."
vray,"ViewRay, Inc."
dgly,"Digital Ally, Inc."
fibk,"First Interstate BancSystem, Inc."
adms,"Adamas Pharmaceuticals, Inc."
cmrx,"Chimerix, Inc."
rdfn,Redfin Corporation
tcon,"TRACON Pharmaceuticals, Inc."
camp,CalAmp Corp.
whlr,"Wheeler Real Estate Investment Trust, Inc."
turn,180 Degree Capital Corp.
pola,"Polar Power, Inc."
once,"Spark Therapeutics, Inc."
qtnt,Quotient Limited
fdiv,First Trust Strategic Income ETF
prov,"Provident Financial Holdings, Inc."
spex,Spherix Incorporated
iesc,"IES Holdings, Inc."
vc,Visteon Corporation
esgr,Enstar Group Limited
emcb,WisdomTree Emerging Markets Corporate Bond Fund
sbcf,Seacoast Banking Corporation of Florida
aldx,"Aldeyra Therapeutics, Inc."
irbt,iRobot Corporation
nymto,"New York Mortgage Trust, Inc."
tacow,"Del Taco Restaurants, Inc."
qaba,First Trust NASDAQ ABA Community Bank Index Fund
veru,Veru Inc.
tvix,Credit Suisse AG
cone,CyrusOne Inc
prah,"PRA Health Sciences, Inc."
hall,"Hallmark Financial Services, Inc."
rusha,"Rush Enterprises, Inc."
cent,Central Garden & Pet Company
rdvy,First Trust Rising Dividend Achievers ETF
sskn,"Strata Skin Sciences, Inc."
istr,Investar Holding Corporation
alrn,"Aileron Therapeutics, Inc."
onvo,"Organovo Holdings, Inc."
anss,"ANSYS, Inc."
sona,"Southern National Bancorp of Virginia, Inc."
tsg,The Stars Group Inc.
cgnx,Cognex Corporation
func,First United Corporation
jout,Johnson Outdoors Inc.
wkhs,"Workhorse Group, Inc."
mdgs,Medigus Ltd.
tipt,Tiptree Inc.
clvs,"Clovis Oncology, Inc."
gldi,Credit Suisse AG
nghcn,National General Holdings Corp
salm,"Salem Media Group, Inc."
lvhd,Legg Mason Low Volatility High Dividend ETF
adra,Invesco BLDRS Asia 50 ADR Index Fund
crus,"Cirrus Logic, Inc."
mnst,Monster Beverage Corporation
pbctp,"People&#39;s United Financial, Inc."
petq,"PetIQ, Inc."
pxi,Invesco DWA Energy Momentum ETF
wsbc,"WesBanco, Inc."
prmw,Primo Water Corporation
qiwi,QIWI plc
ntap,"NetApp, Inc."
agncb,AGNC Investment Corp.
pfin,"P & F Industries, Inc."
cohr,"Coherent, Inc."
mdb,"MongoDB, Inc."
apls,"Apellis Pharmaceuticals, Inc."
rnet,"RigNet, Inc."
kblmr,KBL Merger Corp. IV
intg,The Intergroup Corporation
gain,Gladstone Investment Corporation
vtvt,vTv Therapeutics Inc.
hynd,WisdomTree Negative Duration High Yield Bond Fund
vwob,Vanguard Emerging Markets Government Bond ETF
ades,"Advanced Emissions Solutions, Inc."
gtls,"Chart Industries, Inc."
cyan,Cyanotech Corporation
nktr,Nektar Therapeutics
igf,iShares Global Infrastructure ETF
spro,"Spero Therapeutics, Inc."
utmd,"Utah Medical Products, Inc."
qcln,First Trust NASDAQ Clean Edge Green Energy Index Fund
chscn,CHS Inc
jctcf,Jewett-Cameron Trading Company
mnta,"Momenta Pharmaceuticals, Inc."
sfst,"Southern First Bancshares, Inc."
ctre,"CareTrust REIT, Inc."
evstc,Eaton Vance NextShares Trust
mar,Marriott International
ceco,Career Education Corporation
hwbk,"Hawthorn Bancshares, Inc."
vrts,"Virtus Investment Partners, Inc."
infn,Infinera Corporation
zsan,Zosano Pharma Corporation
agnd,WisdomTree Barclays Negative Duration U.S. Aggregate Bond Fund
fcfs,"FirstCash, Inc."
hfwa,Heritage Financial Corporation
jki,iShares Morningstar Mid-Cap ETF
capr,"Capricor Therapeutics, Inc."
iroq,"IF Bancorp, Inc."
cyrxw,"CryoPort, Inc."
ijt,iShares S&P Small-Cap 600 Growth ETF
sigi,"Selective Insurance Group, Inc."
csiq,Canadian Solar Inc.
peri,Perion Network Ltd
ta,TravelCenters of America Inc. 
nsys,Nortech Systems Incorporated
ibb,iShares Nasdaq Biotechnology Index Fund
pfbc,Preferred Bank
ncty,The9 Limited
tusk,"Mammoth Energy Services, Inc."
chscl,CHS Inc
hewg,iShares Currency Hedged MSCI Germany ETF
esgd,iShares ESG MSCI EAFE ETF
tast,"Carrols Restaurant Group, Inc."
ttec,"TTEC Holdings, Inc."
veon,VEON Ltd.
wina,Winmark Corporation
apto,"Aptose Biosciences, Inc."
shsp,"SharpSpring, Inc."
ebsb,"Meridian Bancorp, Inc."
htgm,"HTG Molecular Diagnostics, Inc."
nesrw,National Energy Services Reunited Corp.
cbpo,"China Biologic Products Holdings, Inc."
gulf,WisdomTree Middle East Dividend Fund
on,ON Semiconductor Corporation
htht,Huazhu Group Limited
abmd,"ABIOMED, Inc."
emxc,iShares MSCI Emerging Markets ex China ETF
pmbc,Pacific Mercantile Bancorp
pey,Invesco High Yield Equity Dividend Achievers ETF
iart,Integra LifeSciences Holdings Corporation
iccc,ImmuCell Corporation
pfsw,"PFSweb, Inc."
arql,"ArQule, Inc."
recn,"Resources Connection, Inc."
ubnk,"United Financial Bancorp, Inc. "
bbc,Virtus LifeSci Biotech Clinical Trials ETF
coke,"Coca-Cola Consolidated, Inc."
vblt,Vascular Biogenics Ltd.
cnmd,CONMED Corporation
gnmx,"Aevi Genomic Medicine, Inc."
rosew,Rosehill Resources Inc.
kmph,"KemPharm, Inc."
bmlp,Bank Of Montreal
plab,"Photronics, Inc."
cfrx,ContraFect Corporation
opgnw,"OpGen, Inc."
vsmv,VictoryShares US Multi-Factor Minimum Volatility ETF
gpre,"Green Plains, Inc."
ipar,"Inter Parfums, Inc."
evgn,Evogene Ltd.
ciz,VictoryShares Developed Enhanced Volatility Wtd ETF
foxf,Fox Factory Holding Corp.
znga,Zynga Inc.
conn,"Conn&#39;s, Inc."
hees,"H&E Equipment Services, Inc."
igov,iShares International Treasury Bond ETF
smbc,"Southern Missouri Bancorp, Inc."
srra,"Sierra Oncology, Inc."
nlnk,NewLink Genetics Corporation
txrh,"Texas Roadhouse, Inc."
vrtx,Vertex Pharmaceuticals Incorporated
derm,"Dermira, Inc."
trmk,Trustmark Corporation
achv,"Achieve Life Sciences, Inc. "
casy,"Caseys General Stores, Inc."
reta,"Reata Pharmaceuticals, Inc."
nwsa,News Corporation
pega,Pegasystems Inc.
akca,"Akcea Therapeutics, Inc."
btec,Principal Healthcare Innovators Index ETF
amtd,TD Ameritrade Holding Corporation
jsmd,Janus Henderson Small/Mid Cap Growth Alpha ETF
peix,"Pacific Ethanol, Inc."
aal,"American Airlines Group, Inc."
stmp,Stamps.com Inc.
onb,Old National Bancorp
edap,EDAP TMS S.A.
le,"Lands&#39; End, Inc."
metc,"Ramaco Resources, Inc."
agzd,WisdomTree Interest Rate Hedged U.S. Aggregate Bond Fund
nick,"Nicholas Financial, Inc."
chrw,"C.H. Robinson Worldwide, Inc."
uslv,Credit Suisse AG
arow,Arrow Financial Corporation
synl,Synalloy Corporation
sglb,"Sigma Labs, Inc."
imgn,"ImmunoGen, Inc."
prpo,"Precipio, Inc."
xnet,Xunlei Limited
evok,"Evoke Pharma, Inc."
ebmt,"Eagle Bancorp Montana, Inc."
uonek,"Urban One, Inc. "
cnbka,"Century Bancorp, Inc."
hope,"Hope Bancorp, Inc."
flgt,"Fulgent Genetics, Inc."
frsx,Foresight Autonomous Holdings Ltd.
self,"Global Self Storage, Inc."
smpl,The Simply Good Foods Company
ulbi,Ultralife Corporation
zagg,ZAGG Inc
celc,Celcuity Inc.
abeow,Abeona Therapeutics Inc.
pnbk,Patriot National Bancorp Inc.
vone,Vanguard Russell 1000 ETF
next,NextDecade Corporation
gbci,"Glacier Bancorp, Inc."
xray,DENTSPLY SIRONA Inc.
meoh,Methanex Corporation
mygn,"Myriad Genetics, Inc."
ibcp,Independent Bank Corporation
skys,"Sky Solar Holdings, Ltd."
fosl,"Fossil Group, Inc."
novt,Novanta Inc.
issc,"Innovative Solutions and Support, Inc."
newa,"Newater Technology, Inc."
kopn,Kopin Corporation
tedu,"Tarena International, Inc."
lgnd,Ligand Pharmaceuticals Incorporated
cwbc,Community West Bancshares
viix,Credit Suisse AG
rfdi,First Trust RiverFront Dynamic Developed International ETF
ahpi,"Allied Healthcare Products, Inc."
alty,Global X SuperDividend Alternatives ETF
rbcn,"Rubicon Technology, Inc."
caas,"China Automotive Systems, Inc."
hurn,Huron Consulting Group Inc.
quik,QuickLogic Corporation
wsbf,"Waterstone Financial, Inc."
zgnx,"Zogenix, Inc."
asnd,Ascendis Pharma A/S
pti,"Proteostasis Therapeutics, Inc."
educ,Educational Development Corporation
ieus,iShares MSCI Europe Small-Cap ETF
aaon,"AAON, Inc."
amswa,"American Software, Inc."
cncr,Loncar Cancer Immunotherapy ETF
cclp,CSI Compressco LP
tlt,iShares 20+ Year Treasury Bond ETF
hmnf,"HMN Financial, Inc."
mitk,"Mitek Systems, Inc."
sfbs,"ServisFirst Bancshares, Inc."
esg,FlexShares STOXX US ESG Impact Index Fund
amkr,"Amkor Technology, Inc."
emcg,WisdomTree Emerging Markets Consumer Growth Fund
cetv,Central European Media Enterprises Ltd.
roku,"Roku, Inc."
fcco,First Community Corporation
asml,ASML Holding N.V.
iti,"Iteris, Inc."
dwas,Invesco DWA SmallCap Momentum ETF
txn,Texas Instruments Incorporated
atro,Astronics Corporation
ntra,"Natera, Inc."
vbfc,Village Bank and Trust Financial Corp.
efas,Global X MSCI SuperDividend EAFE ETF
cizn,Citizens Holding Company
ibkc,IBERIABANK Corporation
bmra,"Biomerica, Inc."
cost,Costco Wholesale Corporation
fhk,First Trust Hong Kong AlphaDEX Fund
opb,Opus Bank
hckt,"The Hackett Group, Inc."
psct,Invesco S&P SmallCap Information Technology ETF
wwr,"Westwater Resources, Inc."
dnbf,DNB Financial Corp
trcb,Two River Bancorp
mlnx,"Mellanox Technologies, Ltd."
tanh,Tantech Holdings Ltd.
ndsn,Nordson Corporation
mtfbw,Motif Bio plc
bvsn,"BroadVision, Inc."
bgne,"BeiGene, Ltd."
cpah,CounterPath Corporation
tlnd,Talend S.A.
mfnc,Mackinac Financial Corporation
pdp,Invesco DWA Momentum ETF
flex,Flex Ltd.
lbrda,Liberty Broadband Corporation
tues,Tuesday Morning Corp.
lndc,Landec Corporation
whlrd,"Wheeler Real Estate Investment Trust, Inc."
cvlt,"Commvault Systems, Inc."
htld,"Heartland Express, Inc."
sbny,Signature Bank
ntla,"Intellia Therapeutics, Inc."
nano,Nanometrics Incorporated
exfo,EXFO Inc
logi,Logitech International S.A.
imrnw,Immuron Limited
fv,First Trust Dorsey Wright Focus 5 ETF
amov,"America Movil, S.A.B. de C.V."
prph,"ProPhase Labs, Inc."
ubio,Proshares UltraPro Nasdaq Biotechnology
ctxrw,"Citius Pharmaceuticals, Inc."
agfs,"AgroFresh Solutions, Inc."
usmc,Principal U.S. Mega-Cap Multi-Factor Index ETF
fitb,Fifth Third Bancorp
nvax,"Novavax, Inc."
mcbc,Macatawa Bank Corporation
cbsh,"Commerce Bancshares, Inc."
jrvr,"James River Group Holdings, Ltd."
pscf,Invesco S&P SmallCap Financials ETF
lbtya,Liberty Global plc
lxrx,"Lexicon Pharmaceuticals, Inc."
nyny,"Empire Resorts, Inc."
amph,"Amphastar Pharmaceuticals, Inc."
ltbr,Lightbridge Corporation
fca,First Trust China AlphaDEX Fund
cdxs,"Codexis, Inc."
efoi,"Energy Focus, Inc."
bbp,Virtus LifeSci Biotech Products ETF
uone,"Urban One, Inc. "
bbh,VanEck Vectors Biotech ETF
oiim,O2Micro International Limited
mrbk,Meridian Corporation
cvv,CVD Equipment Corporation
plbc,Plumas Bancorp
tcrd,"THL Credit, Inc."
fork,Fuling Global Inc.
kala,"Kala Pharmaceuticals, Inc."
vcyt,"Veracyte, Inc."
ipkw,Invesco International BuyBack Achievers ETF
denn,Denny&#39;s Corporation
morn,"Morningstar, Inc."
bpopm,"Popular, Inc."
zixi,Zix Corporation
ftag,First Trust Indxx Global Agriculture ETF
aytu,"Aytu BioScience, Inc."
hsic,"Henry Schein, Inc."
icui,"ICU Medical, Inc."
feye,"FireEye, Inc."
fhb,"First Hawaiian, Inc."
rgnx,REGENXBIO Inc.
hgsh,"China HGS Real Estate, Inc."
clne,Clean Energy Fuels Corp.
cpss,"Consumer Portfolio Services, Inc."
supn,"Supernus Pharmaceuticals, Inc."
nwl,Newell Brands Inc.
htlf,"Heartland Financial USA, Inc."
aehr,Aehr Test Systems
tdiv,First Trust NASDAQ Technology Dividend Index Fund
wire,Encore Wire Corporation
fccy,1st Constitution Bancorp (NJ)
femb,First Trust Emerging Markets Local Currency Bond ETF
pfie,"Profire Energy, Inc."
ibtx,"Independent Bank Group, Inc"
nsec,"National Security Group, Inc."
ccne,CNB Financial Corporation
cvgi,"Commercial Vehicle Group, Inc."
cybr,CyberArk Software Ltd.
dgre,WisdomTree Emerging Markets Quality Dividend Growth Fund
gbli,Global Indemnity Limited
eri,"Eldorado Resorts, Inc."
rarx,"Ra Pharmaceuticals, Inc."
ntrp,"Neurotrope, Inc."
msex,Middlesex Water Company
dgicb,"Donegal Group, Inc."
kids,OrthoPediatrics Corp.
pesi,"Perma-Fix Environmental Services, Inc."
alxn,"Alexion Pharmaceuticals, Inc."
amca,iShares Russell 1000 Pure U.S. Revenue ETF
vrsn,"VeriSign, Inc."
inov,"Inovalon Holdings, Inc."
cldx,"Celldex Therapeutics, Inc."
faln,iShares Fallen Angels USD Bond ETF
cvgw,"Calavo Growers, Inc."
dcph,"Deciphera Pharmaceuticals, Inc."
apvo,Aptevo Therapeutics Inc.
cdl,VictoryShares US Large Cap High Div Volatility Wtd ETF
csgs,"CSG Systems International, Inc."
hovnp,Hovnanian Enterprises Inc
wrlsu,Pensare Acquisition Corp.
srtsw,"Sensus Healthcare, Inc."
paas,Pan American Silver Corp.
stx,Seagate Technology PLC
sgmo,"Sangamo Therapeutics, Inc."
asur,Asure Software Inc
vrna,Verona Pharma plc
csf,VictoryShares US Discovery Enhanced Volatility Wtd ETF
ctmx,"CytomX Therapeutics, Inc."
pxs,Pyxis Tankers Inc.
halo,"Halozyme Therapeutics, Inc."
dswl,"Deswell Industries, Inc."
pxlw,"Pixelworks, Inc."
cwst,"Casella Waste Systems, Inc."
useg,U.S. Energy Corp.
ibuy,Amplify Online Retail ETF
carv,"Carver Bancorp, Inc."
etsy,"Etsy, Inc."
gnst,GenSight Biologics S.A.
ffbw,"FFBW, Inc."
spar,"Spartan Motors, Inc."
wdfc,WD-40 Company
zumz,Zumiez Inc.
xncr,"Xencor, Inc."
spi,"SPI Energy Co., Ltd."
khc,The Kraft Heinz Company
chef,"The Chefs&#39; Warehouse, Inc."
rnem,First Trust Emerging Markets Equity Select ETF
cbtx,"CBTX, Inc."
wprt,Westport Fuel Systems Inc
tfsl,TFS Financial Corporation
mtls,Materialise NV
alna,"Allena Pharmaceuticals, Inc."
nghco,National General Holdings Corp
colb,"Columbia Banking System, Inc."
pep,"Pepsico, Inc."
jbss,"John B. Sanfilippo & Son, Inc."
chdn,"Churchill Downs, Incorporated"
ctrn,"Citi Trends, Inc."
tcbi,"Texas Capital Bancshares, Inc."
espr,"Esperion Therapeutics, Inc."
bl,"BlackLine, Inc."
spkep,"Spark Energy, Inc."
cinf,Cincinnati Financial Corporation
tlf,"Tandy Leather Factory, Inc."
stml,"Stemline Therapeutics, Inc."
lmbs,First Trust Low Duration Opportunities ETF
sohu,Sohu.com Limited 
kelya,"Kelly Services, Inc."
dbvt,DBV Technologies S.A.
powi,"Power Integrations, Inc."
ambc,"Ambac Financial Group, Inc."
fran,Francesca&#39;s Holdings Corporation
hnna,"Hennessy Advisors, Inc."
rmni,"Rimini Street, Inc."
pbpb,Potbelly Corporation
mrvl,Marvell Technology Group Ltd.
bokfl,BOK Financial Corporation
dvax,Dynavax Technologies Corporation
anat,American National Insurance Company
tell,Tellurian Inc.
acglp,Arch Capital Group Ltd.
istb,iShares Core 1-5 Year USD Bond ETF
masi,Masimo Corporation
aey,"ADDvantage Technologies Group, Inc."
afhbl,"Atlas Financial Holdings, Inc."
irix,IRIDEX Corporation
sify,Sify Technologies Limited
yorw,The York Water Company
bcrx,"BioCryst Pharmaceuticals, Inc."
rfil,"RF Industries, Ltd."
lkor,FlexShares Credit-Scored US Long Corporate Bond Index Fund
fdbc,"Fidelity D & D Bancorp, Inc."
cuba,"The Herzfeld Caribbean Basin Fund, Inc."
hbmd,"Howard Bancorp, Inc."
info,IHS Markit Ltd.
iiin,"Insteel Industries, Inc."
wwd,"Woodward, Inc."
sien,"Sientra, Inc."
dox,Amdocs Limited
fast,Fastenal Company
pten,"Patterson-UTI Energy, Inc."
qtrh,Quarterhill Inc.
usoi,Credit Suisse AG
vgsh,Vanguard Short-Term Treasury ETF
feuz,First Trust Eurozone AlphaDEX ETF
nwfl,Norwood Financial Corp.
hmtv,"Hemisphere Media Group, Inc."
plxp,PLx Pharma Inc.
reg,Regency Centers Corporation
rtrx,"Retrophin, Inc."
lsxmk,Liberty Media Corporation
prts,"U.S. Auto Parts Network, Inc."
mcri,"Monarch Casino & Resort, Inc."
wing,Wingstop Inc.
yten,"Yield10 Bioscience, Inc."
nuro,"NeuroMetrix, Inc."
cboe,"Cboe Global Markets, Inc."
asna,"Ascena Retail Group, Inc."
terp,"TerraForm Power, Inc."
samg,Silvercrest Asset Management Group Inc.
cste,Caesarstone Ltd.
sasr,"Sandy Spring Bancorp, Inc."
fsct,"ForeScout Technologies, Inc."
sglbw,"Sigma Labs, Inc."
mindp,"Mitcham Industries, Inc."
avav,"AeroVironment, Inc."
daio,Data I/O Corporation
egbn,"Eagle Bancorp, Inc."
eqbk,"Equity Bancshares, Inc."
refr,Research Frontiers Incorporated
slct,"Select Bancorp, Inc."
dtus,Barclays PLC
lca,"Landcadia Holdings II, Inc."
fcef,First Trust CEF Income Opportunity ETF
pid,Invesco International Dividend Achievers ETF
hayn,"Haynes International, Inc."
icln,iShares S&P Global Clean Energy Index Fund
rttr,"Ritter Pharmaceuticals, Inc."
pinc,"Premier, Inc."
nndm,Nano Dimension Ltd.
rigl,"Rigel Pharmaceuticals, Inc."
batrk,Liberty Media Corporation
lark,Landmark Bancorp Inc.
esge,iShares ESG MSCI EM ETF
oneq,Fidelity Nasdaq Composite Index Tracking Stock
riot,"Riot Blockchain, Inc"
ntec,Intec Pharma Ltd.
fwona,Liberty Media Corporation
dcix,Performance Shipping Inc.
splk,Splunk Inc.
indy,iShares S&P India Nifty 50 Index Fund
qrhc,Quest Resource Holding Corporation
asfi,"Asta Funding, Inc."
osbc,"Old Second Bancorp, Inc."
becn,"Beacon Roofing Supply, Inc."
cffn,"Capitol Federal Financial, Inc."
sunw,"Sunworks, Inc."
bgfv,Big 5 Sporting Goods Corporation
ftek,"Fuel Tech, Inc."
gemp,Gemphire Therapeutics Inc.
psl,Invesco DWA Consumer Staples Momentum ETF
scph,scPharmaceuticals Inc.
gern,Geron Corporation
bmrn,BioMarin Pharmaceutical Inc.
eigi,"Endurance International Group Holdings, Inc."
fmhi,First Trust Municipal High Income ETF
stay,"Extended Stay America, Inc."
mrns,"Marinus Pharmaceuticals, Inc."
mcep,"Mid-Con Energy Partners, LP"
ulh,"Universal Logistics Holdings, Inc."
pacw,PacWest Bancorp
incy,Incyte Corporation
prgx,"PRGX Global, Inc."
ktos,"Kratos Defense & Security Solutions, Inc."
camt,Camtek Ltd.
mchi,iShares MSCI China ETF
pzza,"Papa John&#39;s International, Inc."
xtlb,XTL Biopharmaceuticals Ltd.
frph,"FRP Holdings, Inc."
ehth,"eHealth, Inc."
fold,"Amicus Therapeutics, Inc."
vigi,Vanguard International Dividend Appreciation ETF
codx,"Co-Diagnostics, Inc."
ggal,Grupo Financiero Galicia S.A.
csx,CSX Corporation
moxc,"Moxian, Inc."
ovly,Oak Valley Bancorp (CA)
lmnx,Luminex Corporation
fyc,First Trust Small Cap Growth AlphaDEX Fund
plxs,Plexus Corp.
oxbrw,Oxbridge Re Holdings Limited
oled,Universal Display Corporation
aspu,Aspen Group Inc.
efbi,"Eagle Financial Bancorp, Inc."
ifeu,iShares FTSE EPRA/NAREIT Europe Index Fund
mstr,MicroStrategy Incorporated
chmg,Chemung Financial Corp
marps,Marine Petroleum Trust
frme,First Merchants Corporation
usau,U.S. Gold Corp.
pfis,Peoples Financial Services Corp. 
wtfc,Wintrust Financial Corporation
bosc,B.O.S. Better Online Solutions
regn,"Regeneron Pharmaceuticals, Inc."
fyt,First Trust Small Cap Value AlphaDEX Fund
ofed,Oconee Federal Financial Corp.
pph,VanEck Vectors Pharmaceutical ETF
mbb,iShares MBS ETF
hwkn,"Hawkins, Inc."
acia,"Acacia Communications, Inc."
fonr,Fonar Corporation
sckt,"Socket Mobile, Inc."
uscr,"U S Concrete, Inc."
fitbi,Fifth Third Bancorp
evlmc,Eaton Vance NextShares Trust II
rdhl,Redhill Biopharma Ltd.
sva,"Sinovac Biotech, Ltd."
biol,"Biolase, Inc."
dwpp,First Trust Dorsey Wright People&#39;s Portfolio ETF
mtem,"Molecular Templates, Inc."
eqix,"Equinix, Inc."
feim,"Frequency Electronics, Inc."
valu,"Value Line, Inc."
tbph,"Theravance Biopharma, Inc."
ppsi,"Pioneer Power Solutions, Inc."
aame,Atlantic American Corporation
wlfc,Willis Lease Finance Corporation
ingn,"Inogen, Inc"
pfbi,"Premier Financial Bancorp, Inc."
qcrh,"QCR Holdings, Inc."
opof,Old Point Financial Corporation
vvus,"VIVUS, Inc."
fmao,"Farmers & Merchants Bancorp, Inc."
ensg,"The Ensign Group, Inc."
fcnca,"First Citizens BancShares, Inc."
rock,"Gibraltar Industries, Inc."
pgc,Peapack-Gladstone Financial Corporation
nice,NICE Ltd
uctt,"Ultra Clean Holdings, Inc."
cmco,Columbus McKinnon Corporation
fyx,First Trust Small Cap Core AlphaDEX Fund
fku,First Trust United Kingdom AlphaDEX Fund
immr,Immersion Corporation
acrs,"Aclaris Therapeutics, Inc."
ipwr,Ideal Power Inc.
pcar,PACCAR Inc.
dwaq,Invesco DWA NASDAQ Momentum ETF
discb,"Discovery, Inc."
ebay,eBay Inc.
pcom,"Points International, Ltd."
fslr,"First Solar, Inc."
pavm,PAVmed Inc.
optn,"OptiNose, Inc."
atom,Atomera Incorporated
otg,"OTG EXP, Inc."
iii,"Information Services Group, Inc."
fwp,Forward Pharma A/S
chsco,CHS Inc
hx,Hexindai Inc.
gcvrz,Sanofi
nvus,"Novus Therapeutics, Inc."
mgen,"Miragen Therapeutics, Inc."
exls,"ExlService Holdings, Inc."
algt,Allegiant Travel Company
sphs,"Sophiris Bio, Inc."
chco,City Holding Company
rndv,First Trust US Equity Dividend Select ETF
avid,"Avid Technology, Inc."
foxa,Fox Corporation
fdus,Fidus Investment Corporation
qqxt,First Trust NASDAQ-100 Ex-Technology Sector Index Fund
tact,TransAct Technologies Incorporated
sbbx,SB One Bancorp
kbsf,KBS Fashion Group Limited
lcnb,LCNB Corporation
crto,Criteo S.A.
avgr,"Avinger, Inc."
giii,"G-III Apparel Group, LTD."
xlnx,"Xilinx, Inc."
sbra,"Sabra Health Care REIT, Inc."
gntx,Gentex Corporation
slab,"Silicon Laboratories, Inc."
naov,"NanoVibronix, Inc."
hcci,"Heritage-Crystal Clean, Inc."
mu,"Micron Technology, Inc."
fthi,First Trust BuyWrite Income ETF
ppih,"Perma-Pipe International Holdings, Inc."
ltrx,"Lantronix, Inc."
ribt,RiceBran Technologies
ckpt,"Checkpoint Therapeutics, Inc."
lone,Lonestar Resources US Inc.
cart,"Carolina Trust BancShares, Inc."
amrk,"A-Mark Precious Metals, Inc."
fpa,First Trust Asia Pacific Ex-Japan AlphaDEX Fund
mtex,"Mannatech, Incorporated"
vnet,"21Vianet Group, Inc."
essa,"ESSA Bancorp, Inc."
cdzi,"Cadiz, Inc."
aste,"Astec Industries, Inc."
pulm,"Pulmatrix, Inc."
finx,Global X FinTech ETF
meso,Mesoblast Limited
hiiq,"Health Insurance Innovations, Inc."
snd,"Smart Sand, Inc."
gsbc,"Great Southern Bancorp, Inc."
stra,"Strategic Education, Inc."
chkp,Check Point Software Technologies Ltd.
isbc,"Investors Bancorp, Inc."
ocsi,Oaktree Strategic Income Corporation
ftlb,First Trust Hedged BuyWrite Income ETF
bdge,"Bridge Bancorp, Inc."
tapr,Barclays PLC
lpsn,"LivePerson, Inc."
pub,People&#39;s Utah Bancorp
amwd,American Woodmark Corporation
agrx,"Agile Therapeutics, Inc."
jack,Jack In The Box Inc.
ctxs,"Citrix Systems, Inc."
ief,iShares 7-10 Year Treasury Bond ETF
scz,iShares MSCI EAFE Small-Cap ETF
snps,"Synopsys, Inc."
akrx,"Akorn, Inc."
blkb,"Blackbaud, Inc."
saex,"SAExploration Holdings, Inc."
cwco,Consolidated Water Co. Ltd.
avxl,Anavex Life Sciences Corp.
podd,Insulet Corporation
mxim,"Maxim Integrated Products, Inc."
sbfg,"SB Financial Group, Inc."
ipgp,IPG Photonics Corporation
cnet,"ChinaNet Online Holdings, Inc."
kirk,"Kirkland&#39;s, Inc."
rp,"RealPage, Inc."
ecpg,Encore Capital Group Inc
chek,Check-Cap Ltd.
mtsi,"MACOM Technology Solutions Holdings, Inc."
ueic,Universal Electronics Inc.
nwli,"National Western Life Group, Inc."
fmciu,Forum Merger II Corporation
wba,"Walgreens Boots Alliance, Inc."
rell,"Richardson Electronics, Ltd."
bpop,"Popular, Inc."
hcm,Hutchison China MediTech Limited
tanni,TravelCenters of America Inc. 
basi,"Bioanalytical Systems, Inc."
hyxe,iShares iBoxx $ High Yield ex Oil & Gas Corporate Bond ETF
rtix,"RTI Surgical Holdings, Inc."
snhni,Senior Housing Properties Trust
plse,"Pulse Biosciences, Inc"
suns,Solar Senior Capital Ltd.
ndra,ENDRA Life Sciences Inc.
pio,Invesco Global Water ETF
bysi,"BeyondSpring, Inc."
pscm,Invesco S&P SmallCap Materials ETF
tpic,"TPI Composites, Inc."
ltrpa,"Liberty TripAdvisor Holdings, Inc."
ha,"Hawaiian Holdings, Inc."
aljj,"ALJ Regional Holdings, Inc."
tree,"LendingTree, Inc."
blmn,"Bloomin&#39; Brands, Inc."
fat,FAT Brands Inc.
ilmn,"Illumina, Inc."
htbi,"HomeTrust Bancshares, Inc."
atri,Atrion Corporation
inpx,Inpixon 
gcbc,"Greene County Bancorp, Inc."
mchp,Microchip Technology Incorporated
occ,Optical Cable Corporation
zeal,Zealand Pharma A/S
gabc,"German American Bancorp, Inc."
trup,"Trupanion, Inc."
inbkl,First Internet Bancorp
acwi,iShares MSCI ACWI Index Fund
srax,"SRAX, Inc."
apdn,Applied DNA Sciences Inc
gnus,"Genius Brands International, Inc."
save,"Spirit Airlines, Inc."
flag,Exchange Traded Concepts Trust FLAG-Forensic Accounting Long-S
forty,Formula Systems (1985) Ltd.
relv,"Reliv&#39; International, Inc."
agio,"Agios Pharmaceuticals, Inc."
rkda,"Arcadia Biosciences, Inc."
patk,"Patrick Industries, Inc."
eght,8x8 Inc
cash,"Meta Financial Group, Inc."
asps,Altisource Portfolio Solutions S.A.
bpy,Brookfield Property Partners L.P.
mrcy,Mercury Systems Inc
twmc,Trans World Entertainment Corp.
cresy,Cresud S.A.C.I.F. y A.
eei,"Ecology and Environment, Inc."
fnhc,FedNat Holding Company
pcti,"PC-Tel, Inc."
luna,Luna Innovations Incorporated
kblm,KBL Merger Corp. IV
zion,Zions Bancorporation N.A.
jobs,"51job, Inc."
czwi,"Citizens Community Bancorp, Inc."
lsxmb,Liberty Media Corporation
smbk,"SmartFinancial, Inc."
tcbk,TriCo Bancshares
xbit,XBiotech Inc.
rare,Ultragenyx Pharmaceutical Inc.
adru,Invesco BLDRS Europe Select ADR Index Fund
akts,"Akoustis Technologies, Inc."
hmhc,Houghton Mifflin Harcourt Company
arex,Approach Resources Inc.
cxdc,China XD Plastics Company Limited
fbz,First Trust Brazil AlphaDEX Fund
sbsi,"Southside Bancshares, Inc."
vtc,Vanguard Total Corporate Bond ETF
wstg,"Wayside Technology Group, Inc."
spns,Sapiens International Corporation N.V.
mosy,"MoSys, Inc."
ontxw,"Onconova Therapeutics, Inc."
vly,Valley National Bancorp
amtx,"Aemetis, Inc"
axsm,"Axsome Therapeutics, Inc."
crws,"Crown Crafts, Inc."
nws,News Corporation
omcl,"Omnicell, Inc."
nbn,Northeast Bank
anip,"ANI Pharmaceuticals, Inc."
farm,Farmer Brothers Company
mdso,"Medidata Solutions, Inc."
cownl,Cowen Inc.
valx,Validea Market Legends ETF
ntct,"NetScout Systems, Inc."
fsfg,"First Savings Financial Group, Inc."
brks,"Brooks Automation, Inc."
pui,Invesco DWA Utilities Momentum ETF
frbk,"Republic First Bancorp, Inc."
sohob,Sotherly Hotels Inc.
svra,"Savara, Inc."
itci,Intra-Cellular Therapies Inc.
pme,Pingtan Marine Enterprise Ltd.
amat,"Applied Materials, Inc."
cprt,"Copart, Inc."
rfap,First Trust RiverFront Dynamic Asia Pacific ETF
rdcm,Radcom Ltd.
cifs,China Internet Nationwide Financial Services Inc.
cac,Camden National Corporation
shbi,Shore Bancshares Inc
egrx,"Eagle Pharmaceuticals, Inc."
nihd,"NII Holdings, Inc."
crbp,"Corbus Pharmaceuticals Holdings, Inc."
unty,"Unity Bancorp, Inc."
bksc,Bank of South Carolina Corp.
plce,"Children&#39;s Place, Inc. (The)"
mtsc,MTS Systems Corporation
nhld,National Holdings Corporation
prgs,Progress Software Corporation
aqms,"Aqua Metals, Inc."
ocfc,OceanFirst Financial Corp.
cbio,"Catalyst Biosciences, Inc. "
clrb,"Cellectar Biosciences, Inc."
bndx,Vanguard Total International Bond ETF
cibr,First Trust NASDAQ Cybersecurity ETF
pdfs,"PDF Solutions, Inc."
smcp,AlphaMark Actively Managed Small Cap ETF
elgx,"Endologix, Inc."
stnl,Sentinel Energy Services Inc.
cenx,Century Aluminum Company
tmus,"T-Mobile US, Inc."
cvcy,Central Valley Community Bancorp
aciu,AC Immune SA
fjp,First Trust Japan AlphaDEX Fund
eqrr,ProShares Equities for Rising Rates ETF
lgih,"LGI Homes, Inc."
seic,SEI Investments Company
eyesw,"Second Sight Medical Products, Inc."
cplp,Capital Product Partners L.P.
navi,Navient Corporation
xent,"Intersect ENT, Inc."
fsbw,"FS Bancorp, Inc."
lfvn,Lifevantage Corporation
neo,"NeoGenomics, Inc."
opk,"Opko Health, Inc."
ainv,Apollo Investment Corporation
agnc,AGNC Investment Corp.
civb,"Civista Bancshares, Inc. "
xlrn,Acceleron Pharma Inc.
ltxb,"LegacyTexas Financial Group, Inc."
astc,Astrotech Corporation
acad,ACADIA Pharmaceuticals Inc.
lanc,Lancaster Colony Corporation
inse,"Inspired Entertainment, Inc."
syrs,"Syros Pharmaceuticals, Inc."
powl,"Powell Industries, Inc."
clfd,"Clearfield, Inc."
bgcp,"BGC Partners, Inc."
momo,Momo Inc.
kelyb,"Kelly Services, Inc."
yin,Yintech Investment Holdings Limited
txmd,"TherapeuticsMD, Inc."
uhal,Amerco
optt,"Ocean Power Technologies, Inc."
ifmk,iFresh Inc.
fstr,L.B. Foster Company
gpro,"GoPro, Inc."
cdc,VictoryShares US EQ Income Enhanced Volatility Wtd ETF
mgee,MGE Energy Inc.
hwcc,Houston Wire & Cable Company
fbss,"Fauquier Bankshares, Inc."
penn,"Penn National Gaming, Inc."
qrvo,"Qorvo, Inc."
cpsh,CPS Technologies Corp.
vtwg,Vanguard Russell 2000 Growth ETF
bkep,"Blueknight Energy Partners L.P., L.L.C."
xper,Xperi Corporation
aray,Accuray Incorporated
mndo,MIND C.T.I. Ltd.
uihc,United Insurance Holdings Corp.
gsit,"GSI Technology, Inc."
argx,argenx SE
asys,"Amtech Systems, Inc."
wldn,"Willdan Group, Inc."
appf,"AppFolio, Inc."
car,"Avis Budget Group, Inc."
cgbd,"TCG BDC, Inc."
andaw,Andina Acquisition Corp. III
apopw,Cellect Biotechnology Ltd.
chtr,"Charter Communications, Inc."
landp,Gladstone Land Corporation
fex,First Trust Large Cap Core AlphaDEX Fund
ottr,Otter Tail Corporation
omab,Grupo Aeroportuario del Centro Norte S.A.B. de C.V.
fcal,First Trust California Municipal High income ETF
ttnp,"Titan Pharmaceuticals, Inc."
fenc,Fennec Pharmaceuticals Inc.
bldr,"Builders FirstSource, Inc."
cfbk,Central Federal Corporation
ftr,Frontier Communications Corporation
rcky,"Rocky Brands, Inc."
psch,Invesco S&P SmallCap Health Care ETF
dskew,"Daseke, Inc."
rcii,Rent-A-Center Inc.
ewzs,iShares MSCI Brazil Small-Cap ETF
eryp,Erytech Pharma S.A.
twin,"Twin Disc, Incorporated"
aimt,"Aimmune Therapeutics, Inc."
nerv,"Minerva Neurosciences, Inc"
catm,Cardtronics plc
sbbp,Strongbridge Biopharma plc
ppbi,Pacific Premier Bancorp Inc
bkyi,"BIO-key International, Inc."
dtul,Barclays PLC
qlys,"Qualys, Inc."
bold,"Audentes Therapeutics, Inc."
vgit,Vanguard Intermediate-Term Treasury ETF
jnce,"Jounce Therapeutics, Inc."
vicr,Vicor Corporation
nvec,NVE Corporation
lila,Liberty Latin America Ltd.
pff,iShares Preferred and Income Securities ETF
coll,"Collegium Pharmaceutical, Inc."
tnav,"Telenav, Inc."
strs,Stratus Properties Inc.
apog,"Apogee Enterprises, Inc."
gwgh,"GWG Holdings, Inc"
lkq,LKQ Corporation
nymtp,"New York Mortgage Trust, Inc."
amrn,Amarin Corporation plc
zeus,"Olympic Steel, Inc."
cown,Cowen Inc.
tsc,"TriState Capital Holdings, Inc."
ug,"United-Guardian, Inc."
qqq,"Invesco QQQ Trust, Series 1"
atxi,"Avenue Therapeutics, Inc."
etfc,E*TRADE Financial Corporation
petz,"TDH Holdings, Inc."
ulta,"Ulta Beauty, Inc."
wash,"Washington Trust Bancorp, Inc."
ekso,"Ekso Bionics Holdings, Inc."
sanw,S&W Seed Company
vtnr,"Vertex Energy, Inc"
ubfo,United Security Bancshares
esbk,Elmira Savings Bank NY (The)
ravn,"Raven Industries, Inc."
axdx,"Accelerate Diagnostics, Inc."
cara,"Cara Therapeutics, Inc."
gaia,"Gaia, Inc."
naii,"Natural Alternatives International, Inc."
mdco,The Medicines Company
allt,Allot Ltd.
vrml,"Vermillion, Inc."
frta,"Forterra, Inc."
vidi,ETF Series Solutions Trust Vident International Equity Fund
bomn,Boston Omaha Corporation
intu,Intuit Inc.
adi,"Analog Devices, Inc."
botj,"Bank of the James Financial Group, Inc."
gars,Garrison Capital Inc.
psmt,"PriceSmart, Inc."
ucbi,"United Community Banks, Inc."
htbk,Heritage Commerce Corp
novn,"Novan, Inc."
oxlc,Oxford Lane Capital Corp.
chfs,"CHF Solutions, Inc."
sblk,Star Bulk Carriers Corp.
tgls,Tecnoglass Inc.
matw,Matthews International Corporation
jynt,The Joint Corp.
dova,"Dova Pharmaceuticals, Inc."
efsc,Enterprise Financial Services Corporation
banx,StoneCastle Financial Corp
stfc,State Auto Financial Corporation
wve,WAVE Life Sciences Ltd.
sptn,SpartanNash Company
idlb,Invesco FTSE International Low Beta Equal Weight ETF
sauc,"Diversified Restaurant Holdings, Inc."
calm,"Cal-Maine Foods, Inc."
dfnl,Davis Select Financial ETF
amot,"Allied Motion Technologies, Inc."
pwod,"Penns Woods Bancorp, Inc."
plug,"Plug Power, Inc."
athx,"Athersys, Inc."
cnob,"ConnectOne Bancorp, Inc."
ftxl,First Trust Nasdaq Semiconductor ETF
nxtd,NXT-ID Inc.
sgoc,"SGOCO Group, Ltd"
fgbi,"First Guaranty Bancshares, Inc."
sgrp,"SPAR Group, Inc."
bkepp,"Blueknight Energy Partners L.P., L.L.C."
nbtb,NBT Bancorp Inc.
psec,Prospect Capital Corporation
evk,"Ever-Glory International Group, Inc."
gden,"Golden Entertainment, Inc."
medp,"Medpace Holdings, Inc."
smed,Sharps Compliance Corp.
fteo,"FRONTEO, Inc."
znwaa,Zion Oil 
ufcs,"United Fire Group, Inc"
srpt,"Sarepta Therapeutics, Inc."
fbnc,First Bancorp
mdwd,MediWound Ltd.
snes,"SenesTech, Inc."
ophc,"OptimumBank Holdings, Inc."
buse,First Busey Corporation
ftsm,First Trust Enhanced Short Maturity ETF
amd,"Advanced Micro Devices, Inc."
himx,"Himax Technologies, Inc."
vclt,Vanguard Long-Term Corporate Bond ETF
irtc,"iRhythm Technologies, Inc."
infi,"Infinity Pharmaceuticals, Inc."
ostk,"Overstock.com, Inc."
isig,"Insignia Systems, Inc."
gfnsl,General Finance Corporation
mbcn,Middlefield Banc Corp.
vlrx,"Valeritas Holdings, Inc."
sybt,"Stock Yards Bancorp, Inc."
mrus,Merus N.V.
mtfb,Motif Bio plc
five,"Five Below, Inc."
aeri,"Aerie Pharmaceuticals, Inc."
obci,"Ocean Bio-Chem, Inc."
uvsp,Univest Financial Corporation
drna,"Dicerna Pharmaceuticals, Inc."
blue,"bluebird bio, Inc."
grfs,"Grifols, S.A."
hibb,"Hibbett Sports, Inc."
ke,"Kimball Electronics, Inc."
rmcf,"Rocky Mountain Chocolate Factory, Inc."
odp,"Office Depot, Inc."
faro,"FARO Technologies, Inc."
bcli,Brainstorm Cell Therapeutics Inc.
fta,First Trust Large Cap Value AlphaDEX Fund
socl,Global X Social Media ETF
ecol,"US Ecology, Inc."
esq,"Esquire Financial Holdings, Inc."
adap,Adaptimmune Therapeutics plc
twnk,"Hostess Brands, Inc."
cvly,"Codorus Valley Bancorp, Inc"
exel,"Exelixis, Inc."
pdce,"PDC Energy, Inc."
acer,Acer Therapeutics Inc.
atos,Atossa Genetics Inc.
asrv,AmeriServ Financial Inc.
fate,"Fate Therapeutics, Inc."
cass,"Cass Information Systems, Inc"
frpt,"Freshpet, Inc."
cthr,Charles & Colvard Ltd.
iusb,iShares Core Total USD Bond Market ETF
mbwm,Mercantile Bank Corporation
acst,"Acasti Pharma, Inc."
ircp,IRSA Propiedades Comerciales S.A.
infr,Legg Mason Global Infrastructure ETF
ccrn,"Cross Country Healthcare, Inc."
hurc,"Hurco Companies, Inc."
rbcaa,"Republic Bancorp, Inc."
tecd,Tech Data Corporation
sgen,"Seattle Genetics, Inc."
chekw,Check-Cap Ltd.
pvbc,"Provident Bancorp, Inc."
akba,"Akebia Therapeutics, Inc."
umpq,Umpqua Holdings Corporation
spwr,SunPower Corporation
ftxd,First Trust Nasdaq Retail ETF
belfa,Bel Fuse Inc.
cgo,Calamos Global Total Return Fund
hds,"HD Supply Holdings, Inc."
zfgn,"Zafgen, Inc."
cgix,"Cancer Genetics, Inc."
soxx,iShares PHLX SOX Semiconductor Sector Index Fund
gigm,GigaMedia Limited
pie,Invesco DWA Emerging Markets Momentum ETF
strm,"Streamline Health Solutions, Inc."
bbby,Bed Bath & Beyond Inc.
kvhi,"KVH Industries, Inc."
mofg,"MidWestOne Financial Group, Inc."
cetxp,Cemtrex Inc.
azpn,"Aspen Technology, Inc."
centa,Central Garden & Pet Company
atnx,"Athenex, Inc."
scsc,"ScanSource, Inc."
spsc,"SPS Commerce, Inc."
artna,Artesian Resources Corporation
evbg,"Everbridge, Inc."
sedg,"SolarEdge Technologies, Inc."
olli,"Ollie&#39;s Bargain Outlet Holdings, Inc."
ea,Electronic Arts Inc.
cerc,Cerecor Inc.
adus,Addus HomeCare Corporation
trov,"TrovaGene, Inc."
tcbip,"Texas Capital Bancshares, Inc."
ofix,Orthofix Medical Inc. 
crvl,CorVel Corp.
sfnc,Simmons First National Corporation
fanh,Fanhua Inc.
pixy,"ShiftPixy, Inc."
qure,uniQure N.V.
shipw,Seanergy Maritime Holdings Corp
entg,"Entegris, Inc."
vbiv,"VBI Vaccines, Inc."
cxse,WisdomTree China ex-State-Owned Enterprises Fund
blrx,BioLineRx Ltd.
vuse,ETF Series Solutions Trust Vident Core US Equity ETF
ino,"Inovio Pharmaceuticals, Inc."
aciw,"ACI Worldwide, Inc."
airg,"Airgain, Inc."
trmb,Trimble Inc.
qbak,Qualstar Corporation
snfca,Security National Financial Corporation
mnro,"Monro, Inc. "
smit,"Schmitt Industries, Inc."
pacb,"Pacific Biosciences of California, Inc."
ccrc,"China Customer Relations Centers, Inc."
pgti,"PGT Innovations, Inc."
cme,CME Group Inc.
spok,"Spok Holdings, Inc."
livn,LivaNova PLC
yy,YY Inc.
xene,Xenon Pharmaceuticals Inc.
ocsl,Oaktree Specialty Lending Corporation
ezpw,"EZCORP, Inc."
kbwd,Invesco KBW High Dividend Yield Financial ETF
bprn,The Bank of Princeton
kbwy,Invesco KBW Premium Yield Equity REIT ETF
cg,The Carlyle Group L.P.
insg,Inseego Corp.
nxst,"Nexstar Media Group, Inc."
fcan,First Trust Canada AlphaDEX Fund
kool,Cesca Therapeutics Inc.
fivn,"Five9, Inc."
nstg,"NanoString Technologies, Inc."
cyccp,"Cyclacel Pharmaceuticals, Inc."
wen,Wendy&#39;s Company (The)
apwc,Asia Pacific Wire & Cable Corporation Limited
leds,SemiLEDS Corporation
cvco,"Cavco Industries, Inc."
iusv,iShares Core S&P U.S. Value ETF
bnso,"Bonso Electronics International, Inc."
mags,Magal Security Systems Ltd.
ugld,Credit Suisse AG
kalu,Kaiser Aluminum Corporation
trs,TriMas Corporation
lptx,"LEAP THERAPEUTICS, INC."
vnom,Viper Energy Partners LP
slno,"Soleno Therapeutics, Inc."
icch,"ICC Holdings, Inc."
fnlc,"First Bancorp, Inc (ME)"
fgm,First Trust Germany AlphaDEX Fund
coda,"Coda Octopus Group, Inc."
icpt,"Intercept Pharmaceuticals, Inc."
tops,TOP Ships Inc.
mfin,Medallion Financial Corp.
byfc,Broadway Financial Corporation
krny,Kearny Financial
qqqx,Nuveen NASDAQ 100 Dynamic Overwrite Fund
cey,VictoryShares Emerging Market High Div Volatility Wtd ETF
mgln,"Magellan Health, Inc."
faar,First Trust Alternative Absolute Return Strategy ETF
grbk,"Green Brick Partners, Inc."
hoft,Hooker Furniture Corporation
fnk,First Trust Mid Cap Value AlphaDEX Fund
mtbcp,"MTBC, Inc."
qlc,FlexShares US Quality Large Cap Index Fund
ambcw,"Ambac Financial Group, Inc."
bib,ProShares Ultra Nasdaq Biotechnology
wern,"Werner Enterprises, Inc."
adbe,Adobe Inc.
csco,"Cisco Systems, Inc."
fang,"Diamondback Energy, Inc."
cbshp,"Commerce Bancshares, Inc."
enph,"Enphase Energy, Inc."
gnca,"Genocea Biosciences, Inc."
rrd,R.R. Donnelley & Sons Company
bvxvw,BiondVax Pharmaceuticals Ltd.
fmci,Forum Merger II Corporation
lkfn,Lakeland Financial Corporation
goodo,Gladstone Commercial Corporation
mgnx,"MacroGenics, Inc."
thrm,Gentherm Inc
trow,"T. Rowe Price Group, Inc."
gpp,Green Plains Partners LP
mmac,"MMA Capital Holdings, Inc."
dcom,"Dime Community Bancshares, Inc."
sgbx,"SG Blocks, Inc."
kura,"Kura Oncology, Inc."
caro,Carolina Financial Corporation
cphc,Canterbury Park Holding Corporation
srce,1st Source Corporation
rrr,"Red Rock Resorts, Inc."
rnmc,First Trust Mid Cap US Equity Select ETF
ptgx,"Protagonist Therapeutics, Inc."
krnt,Kornit Digital Ltd.
rost,"Ross Stores, Inc."
panl,Pangaea Logistics Solutions Ltd.
plw,Invesco 1-30 Laddered Treasury ETF
acor,"Acorda Therapeutics, Inc."
ftxh,First Trust Nasdaq Pharmaceuticals ETF
oxbr,Oxbridge Re Holdings Limited
amnb,"American National Bankshares, Inc."
cacg,ClearBridge All Cap Growth ETF
nakd,Naked Brand Group Limited
crsp,CRISPR Therapeutics AG
ffiv,"F5 Networks, Inc."
sbac,SBA Communications Corporation
brkr,Bruker Corporation
artw,"Art&#39;s-Way Manufacturing Co., Inc."
ctrp,"Ctrip.com International, Ltd."
dgld,Credit Suisse AG
adro,"Aduro Biotech, Inc."
egle,Eagle Bulk Shipping Inc.
stkl,"SunOpta, Inc."
esca,"Escalade, Incorporated"
ppc,Pilgrim&#39;s Pride Corporation
sbux,Starbucks Corporation
spne,SeaSpine Holdings Corporation
smtx,SMTC Corporation
aktx,Akari Therapeutics Plc
aaoi,"Applied Optoelectronics, Inc."
gifi,"Gulf Island Fabrication, Inc."
bjri,"BJ&#39;s Restaurants, Inc."
meet,"The Meet Group, Inc."
icad,icad inc.
qnst,"QuinStreet, Inc."
smmt,Summit Therapeutics plc
gvp,"GSE Systems, Inc."
epzm,"Epizyme, Inc."
umbf,UMB Financial Corporation
iova,"Iovance Biotherapeutics, Inc."
ormp,Oramed Pharmaceuticals Inc.
atax,"America First Multifamily Investors, L.P."
merc,Mercer International Inc.
carg,"CarGurus, Inc."
lcahw,"Landcadia Holdings II, Inc."
fep,First Trust Europe AlphaDEX Fund
slmbp,SLM Corporation
ncbs,Nicolet Bankshares Inc.
true,"TrueCar, Inc."
tsri,"TSR, Inc."
cur,"Neuralstem, Inc."
ffnw,"First Financial Northwest, Inc."
rave,"Rave Restaurant Group, Inc."
gilt,Gilat Satellite Networks Ltd.
tannz,TravelCenters of America Inc. 
chnr,"China Natural Resources, Inc."
nxpi,NXP Semiconductors N.V.
gure,"Gulf Resources, Inc."
simo,Silicon Motion Technology Corporation
xt,iShares Exponential Technologies ETF
pbip,"Prudential Bancorp, Inc."
ewbc,"East West Bancorp, Inc."
rytm,"Rhythm Pharmaceuticals, Inc."
bpth,"Bio-Path Holdings, Inc."
svbi,Severn Bancorp Inc
msbf,MSB Financial Corp.
slrc,Solar Capital Ltd.
iteq,BlueStar Israel Technology ETF
gevo,"Gevo, Inc."
aemd,"Aethlon Medical, Inc."
casi,"CASI Pharmaceuticals, Inc."
djco,Daily Journal Corp. (S.C.)
vuzi,Vuzix Corporation
coup,Coupa Software Incorporated
unam,Unico American Corporation
mbii,"Marrone Bio Innovations, Inc."
acls,"Axcelis Technologies, Inc."
ctic,CTI BioPharma Corp.
emb,iShares J.P. Morgan USD Emerging Markets Bond ETF
sbgi,"Sinclair Broadcast Group, Inc."
pkbk,"Parke Bancorp, Inc."
esxb,Community Bankers Trust Corporation.
susb,iShares ESG 1-5 Year USD Corporate Bond ETF
rose,Rosehill Resources Inc.
vymi,Vanguard International High Dividend Yield ETF
fcel,"FuelCell Energy, Inc."
iots,Adesto Technologies Corporation
selb,"Selecta Biosciences, Inc."
ntgr,"NETGEAR, Inc."
pcyg,"Park City Group, Inc."
hone,"HarborOne Bancorp, Inc."
dlbs,Barclays PLC
gnty,"Guaranty Bancshares, Inc."
bcpc,Balchem Corporation
glpg,Galapagos NV
veri,"Veritone, Inc."
mmlp,Martin Midstream Partners L.P.
pkw,Invesco BuyBack Achievers ETF
jd,"JD.com, Inc."
old,The Long-Term Care ETF
qada,QAD Inc.
trvg,trivago N.V.
siri,Sirius XM Holdings Inc.
crzo,"Carrizo Oil & Gas, Inc."
cdns,"Cadence Design Systems, Inc."
qdel,Quidel Corporation
hmst,"HomeStreet, Inc."
lope,"Grand Canyon Education, Inc."
fox,Fox Corporation
lngr,Global X Longevity Thematic ETF
lpth,"LightPath Technologies, Inc."
xbio,"Xenetic Biosciences, Inc."
emcf,Emclaire Financial Corp
trpx,Therapix Biosciences Ltd.
dvy,iShares Select Dividend ETF
cyrn,CYREN Ltd.
seco,Secoo Holding Limited
miln,Global X Millennials Thematic ETF
ubsi,"United Bankshares, Inc."
wrlsw,Pensare Acquisition Corp.
aia,iShares Asia 50 ETF
trst,TrustCo Bank Corp NY
idxg,"Interpace Diagnostics Group, Inc."
smmf,"Summit Financial Group, Inc."
org,The Organics ETF
xoma,XOMA Corporation
fll,"Full House Resorts, Inc."
susc,iShares ESG USD Corporate Bond ETF
fmax,Full Spectrum Inc.
gwrs,"Global Water Resources, Inc."
rilyl,"B. Riley Financial, Inc."
cptal,Capitala Finance Corp.
mlco,Melco Resorts & Entertainment Limited
sanm,Sanmina Corporation
cffi,C&F Financial Corporation
stpp,Barclays PLC
vivo,Meridian Bioscience Inc.
vonv,Vanguard Russell 1000 Value ETF
hsii,"Heidrick & Struggles International, Inc."
saia,"Saia, Inc."
thff,First Financial Corporation Indiana
vnqi,Vanguard Global ex-U.S. Real Estate ETF
mini,"Mobile Mini, Inc."
ptsi,"P.A.M. Transportation Services, Inc."
lmrk,Landmark Infrastructure Partners LP
pebk,"Peoples Bancorp of North Carolina, Inc."
aosl,Alpha and Omega Semiconductor Limited
ual,"United Airlines Holdings, Inc."
inwk,"InnerWorkings, Inc."
pnfp,"Pinnacle Financial Partners, Inc."
ttgt,"TechTarget, Inc."
unb,"Union Bankshares, Inc."
biib,Biogen Inc.
csii,"Cardiovascular Systems, Inc."
nath,"Nathan&#39;s Famous, Inc."
carb,"Carbonite, Inc."
eema,iShares MSCI Emerging Markets Asia ETF
mfinl,Medallion Financial Corp.
good,Gladstone Commercial Corporation
pvac,Penn Virginia Corporation
vygr,"Voyager Therapeutics, Inc."
cdw,CDW Corporation
tnxp,Tonix Pharmaceuticals Holding Corp.
mcrb,"Seres Therapeutics, Inc."
pez,Invesco DWA Consumer Cyclicals Momentum ETF
toca,Tocagen Inc.
slm,SLM Corporation
drad,Digirad Corporation
mmyt,MakeMyTrip Limited
ssrm,SSR Mining Inc.
igld,Internet Gold Golden Lines Ltd.
mktx,"MarketAxess Holdings, Inc."
hdsn,"Hudson Technologies, Inc."
hmsy,HMS Holdings Corp
atsg,"Air Transport Services Group, Inc"
fbms,"The First Bancshares, Inc."
googl,Alphabet Inc.
lite,Lumentum Holdings Inc.
banfp,BancFirst Corporation
psc,Principal U.S. Small-Cap Multi-Factor Index ETF
logm,"LogMein, Inc."
vrsk,"Verisk Analytics, Inc."
cban,"Colony Bankcorp, Inc."
mchx,"Marchex, Inc."
osis,"OSI Systems, Inc."
scvl,"Shoe Carnival, Inc."
auto,"AutoWeb, Inc."
hcsg,"Healthcare Services Group, Inc."
ktovw,Kitov Pharma Ltd.
prta,Prothena Corporation plc
flxn,"Flexion Therapeutics, Inc."
csa,VictoryShares US Small Cap Volatility Wtd ETF
pfm,Invesco Dividend Achievers ETF
fko,First Trust South Korea AlphaDEX Fund
brqs,"Borqs Technologies, Inc. "
eyegw,"Eyegate Pharmaceuticals, Inc."
zbra,Zebra Technologies Corporation
lcahu,"Landcadia Holdings II, Inc."
chy,Calamos Convertible and High Income Fund
gold,Barrick Gold Corporation
srcl,"Stericycle, Inc."
tzoo,Travelzoo
dwtr,Invesco DWA Tactical Sector Rotation ETF
cjjd,"China Jo-Jo Drugstores, Inc."
fsbc,"FSB Bancorp, Inc."
eric,Ericsson
rdib,Reading International Inc
ivac,"Intevac, Inc."
cdna,"CareDx, Inc."
banf,BancFirst Corporation
syke,"Sykes Enterprises, Incorporated"
cpta,Capitala Finance Corp.
upld,"Upland Software, Inc."
pegi,Pattern Energy Group Inc.
shoo,"Steven Madden, Ltd."
itri,"Itron, Inc."
genc,Gencor Industries Inc.
cbay,CymaBay Therapeutics Inc.
esgg,FlexShares STOXX Global ESG Impact Index Fund
hcap,Harvest Capital Credit Corporation
ryaay,Ryanair Holdings plc
orit,Oritani Financial Corp.
vlgea,"Village Super Market, Inc."
agtc,Applied Genetic Technologies Corporation
amrb,American River Bankshares
crmt,"America&#39;s Car-Mart, Inc."
xela,"Exela Technologies, Inc."
tcfc,The Community Financial Corporation
nbev,New Age Beverages Corporation
pati,"Patriot Transportation Holding, Inc."
life,"aTyr Pharma, Inc."
tbbk,"The Bancorp, Inc."
xon,Intrexon Corporation
ptc,PTC Inc.
nuva,"NuVasive, Inc."
otiv,On Track Innovations Ltd
nurow,"NeuroMetrix, Inc."
knsl,"Kinsale Capital Group, Inc."
cgen,Compugen Ltd.
rfeu,First Trust RiverFront Dynamic Europe ETF
geos,Geospace Technologies Corporation
ndraw,ENDRA Life Sciences Inc.
avdl,Avadel Pharmaceuticals plc
ntrs,Northern Trust Corporation
soho,Sotherly Hotels Inc.
lway,"Lifeway Foods, Inc."
mson,"MISONIX, Inc."
sbph,"Spring Bank Pharmaceuticals, Inc."
tqqq,ProShares UltraPro QQQ
atlo,Ames National Corporation
nvcn,Neovasc Inc.
cfa,VictoryShares US 500 Volatility Wtd ETF
aezs,AEterna Zentaris Inc.
wdc,Western Digital Corporation
alot,"AstroNova, Inc."
bvxv,BiondVax Pharmaceuticals Ltd.
vcel,Vericel Corporation
clxt,"Calyxt, Inc."
habt,"The Habit Restaurants, Inc."
orrf,Orrstown Financial Services Inc
nghcz,National General Holdings Corp
mlhr,"Herman Miller, Inc."
cyrx,"CryoPort, Inc."
cprx,"Catalyst Pharmaceuticals, Inc."
ehr,"Energy Hunter Resources, Inc."
ango,"AngioDynamics, Inc."
vrex,Varex Imaging Corporation
ssfn,Stewardship Financial Corp
hyacu,Haymaker Acquisition Corp. II
nflx,"Netflix, Inc."
dgii,Digi International Inc.
llex,"Lilis Energy, Inc."
krys,"Krystal Biotech, Inc."
ccxi,"ChemoCentryx, Inc."
auph,Aurinia Pharmaceuticals Inc
cfbi,"Community First Bancshares, Inc."
irdm,Iridium Communications Inc
hqy,"HealthEquity, Inc."
aaww,Atlas Air Worldwide Holdings
iosp,Innospec Inc.
mbio,"Mustang Bio, Inc."
hbp,"Huttig Building Products, Inc."
prto,"Proteon Therapeutics, Inc."
andau,Andina Acquisition Corp. III
wnfm,"Wayne Farms, Inc."
vnda,Vanda Pharmaceuticals Inc.
ande,"The Andersons, Inc."
acwx,iShares MSCI ACWI ex US Index Fund
ufpt,"UFP Technologies, Inc."
lilak,Liberty Latin America Ltd.
mbot,Microbot Medical Inc. 
teum,Pareteum Corporation
gwph,GW Pharmaceuticals Plc
bnft,"Benefitfocus, Inc."
lnt,Alliant Energy Corporation
gbdc,"Golub Capital BDC, Inc."
rwlk,ReWalk Robotics Ltd.
glre,"Greenlight Reinsurance, Ltd."
rvsb,Riverview Bancorp Inc
fcsc,Fibrocell Science Inc.
iusg,iShares Core S&P U.S. Growth ETF
ctas,Cintas Corporation
nodk,"NI Holdings, Inc."
pscu,Invesco S&P SmallCap Utilities & Communication Services ETF
cyou,Changyou.com Limited
vglt,Vanguard Long-Treasury ETF
rgld,"Royal Gold, Inc."
cigi,Colliers International Group Inc. 
nrim,Northrim BanCorp Inc
aveo,"AVEO Pharmaceuticals, Inc."
nvtr,Nuvectra Corporation
csod,"Cornerstone OnDemand, Inc."
dax,Global X DAX Germany ETF
dynt,Dynatronics Corporation
pcrx,"Pacira BioSciences, Inc."
rnsc,First Trust Small Cap US Equity Select ETF
lpcn,Lipocine Inc.
jsm,Navient Corporation
lyts,LSI Industries Inc.
ntes,"NetEase, Inc."
pch,PotlatchDeltic Corporation
mtsl,MER Telemanagement Solutions Ltd.
pi,"Impinj, Inc."
aeis,"Advanced Energy Industries, Inc."
gnma,iShares GNMA Bond ETF
payx,"Paychex, Inc."
clsd,"Clearside Biomedical, Inc."
senea,Seneca Foods Corp.
airr,First Trust RBA American Industrial Renaissance ETF
mvis,"Microvision, Inc."
izea,"IZEA Worldwide, Inc."
alny,"Alnylam Pharmaceuticals, Inc."
ziv,Credit Suisse AG
sngxw,"Soligenix, Inc."
adre,Invesco BLDRS Emerging Markets 50 ADR Index Fund
abil,Ability Inc.
mntx,"Manitex International, Inc."
itic,Investors Title Company
slvo,Credit Suisse AG
dorm,"Dorman Products, Inc."
snss,"Sunesis Pharmaceuticals, Inc."
spwh,"Sportsman&#39;s Warehouse Holdings, Inc."
tyme,"Tyme Technologies, Inc."
mark,"Remark Holdings, Inc."
ssys,"Stratasys, Ltd."
odfl,"Old Dominion Freight Line, Inc."
driow,DarioHealth Corp.
bbrx,"Braeburn Pharmaceuticals, Inc."
aset,FlexShares Real Assets Allocation Index Fund
kpti,Karyopharm Therapeutics Inc.
llnw,"Limelight Networks, Inc."
fisi,"Financial Institutions, Inc."
seac,"SeaChange International, Inc."
fdef,First Defiance Financial Corp.
sfbc,"Sound Financial Bancorp, Inc."
ibkcp,IBERIABANK Corporation
obln,"Obalon Therapeutics, Inc."
pdbc,Invesco Optimum Yield Diversified Commodity Strategy No K-1 ET
bmtc,Bryn Mawr Bank Corporation
liqt,"LiqTech International, Inc."
urbn,"Urban Outfitters, Inc."
prqr,ProQR Therapeutics N.V.
cats,"Catasys, Inc."
oxfd,Oxford Immunotec Global PLC
adsk,"Autodesk, Inc."
yndx,Yandex N.V.
lqdt,"Liquidity Services, Inc."
rail,"Freightcar America, Inc."
arwr,"Arrowhead Pharmaceuticals, Inc."
rada,RADA Electronic Industries Ltd.
nuan,"Nuance Communications, Inc."
czr,Caesars Entertainment Corporation
alks,Alkermes plc
vthr,Vanguard Russell 3000 ETF
aubn,"Auburn National Bancorporation, Inc."
cidm,Cinedigm Corp
bntcw,Benitec Biopharma Limited
bpmc,Blueprint Medicines Corporation
fdt,First Trust Developed Markets Ex-US AlphaDEX Fund
iin,IntriCon Corporation
kmda,Kamada Ltd.
vod,Vodafone Group Plc
amsf,"AMERISAFE, Inc."
ktcc,Key Tronic Corporation
snoaw,"Sonoma Pharmaceuticals, Inc."
rrgb,"Red Robin Gourmet Burgers, Inc."
fuv,"Arcimoto, Inc."
nksh,"National Bankshares, Inc."
trvn,"Trevena, Inc."
banr,Banner Corporation
bbsi,"Barrett Business Services, Inc."
symc,Symantec Corporation
kweb,KraneShares Trust KraneShares CSI China Internet ETF
mcft,"MasterCraft Boat Holdings, Inc."
iivi,II-VI Incorporated
otex,Open Text Corporation
vtgn,"VistaGen Therapeutics, Inc."
ttwo,"Take-Two Interactive Software, Inc."
rilyz,"B. Riley Financial, Inc."
crnt,Ceragon Networks Ltd.
ftri,First Trust Indxx Global Natural Resources Income ETF
xel,Xcel Energy Inc.
wix,Wix.com Ltd.
ontx,"Onconova Therapeutics, Inc."
dwld,Davis Select Worldwide ETF
shlo,"Shiloh Industries, Inc."
watt,Energous Corporation
schn,"Schnitzer Steel Industries, Inc."
fmnb,Farmers National Banc Corp.
grmn,Garmin Ltd.
hrzn,Horizon Technology Finance Corporation
pkoh,Park-Ohio Holdings Corp.
cnce,"Concert Pharmaceuticals, Inc."
nssc,"NAPCO Security Technologies, Inc."
abtx,"Allegiance Bancshares, Inc."
wetf,"WisdomTree Investments, Inc."
cetxw,Cemtrex Inc.
gogo,Gogo Inc.
ptf,Invesco DWA Technology Momentum ETF
stld,"Steel Dynamics, Inc."
gbliz,Global Indemnity Limited
saft,"Safety Insurance Group, Inc."
fmb,First Trust Managed Municipal ETF
hlg,Hailiang Education Group Inc.
nbrv,Nabriva Therapeutics plc
bset,"Bassett Furniture Industries, Incorporated"
forr,"Forrester Research, Inc."
akam,"Akamai Technologies, Inc."
fnwb,First Northwest Bancorp
srts,"Sensus Healthcare, Inc."
dwin,Invesco DWA Tactical Multi-Asset Income ETF
catb,"Catabasis Pharmaceuticals, Inc."
pbct,"People&#39;s United Financial, Inc."
dgica,"Donegal Group, Inc."
rcmt,"RCM Technologies, Inc."
slp,"Simulations Plus, Inc."
mdca,MDC Partners Inc.
inap,Internap Corporation
tess,TESSCO Technologies Incorporated
dmrc,Digimarc Corporation
erie,Erie Indemnity Company
qqew,First Trust NASDAQ-100 Equal Weighted Index Fund
inod,Innodata Inc.
flws,"1-800 FLOWERS.COM, Inc."
roseu,Rosehill Resources Inc.
dfvl,Barclays PLC
oncs,OncoSec Medical Incorporated
olbk,"Old Line Bancshares, Inc."
ottw,"Ottawa Bancorp, Inc."
lnth,"Lantheus Holdings, Inc."
avt,"Avnet, Inc."
opgn,"OpGen, Inc."
wtfcm,Wintrust Financial Corporation
roic,Retail Opportunity Investments Corp.
wabc,Westamerica Bancorporation
mtch,"Match Group, Inc."
fprx,"Five Prime Therapeutics, Inc."
tga,TransGlobe Energy Corporation
adp,"Automatic Data Processing, Inc."
dtyl,Barclays PLC
ctxr,"Citius Pharmaceuticals, Inc."
fsz,First Trust Switzerland AlphaDEX Fund
cil,VictoryShares International Volatility Wtd ETF
viav,Viavi Solutions Inc.
rndb,"Randolph Bancorp, Inc."
fixd,First Trust TCW Opportunistic Fixed Income ETF
sats,EchoStar Corporation
jkhy,"Jack Henry & Associates, Inc."
hear,Turtle Beach Corporation
goodp,Gladstone Commercial Corporation
tenx,"Tenax Therapeutics, Inc."
idsa,"Industrial Services of America, Inc."
imos,ChipMOS TECHNOLOGIES INC.
cmls,Cumulus Media Inc.
iei,iShares 3-7 Year Treasury Bond ETF
uae,iShares MSCI UAE ETF
lscc,Lattice Semiconductor Corporation
erii,"Energy Recovery, Inc."
fny,First Trust Mid Cap Growth AlphaDEX Fund
pets,"PetMed Express, Inc."
wvfc,WVS Financial Corp.
virt,"Virtu Financial, Inc."
dske,"Daseke, Inc."
tlgt,"Teligent, Inc."
yrcw,"YRC Worldwide, Inc."
usap,"Universal Stainless & Alloy Products, Inc."
cdk,"CDK Global, Inc."
hbcp,"Home Bancorp, Inc."
plus,ePlus inc.
bnd,Vanguard Total Bond Market ETF
slqd,iShares 0-5 Year Investment Grade Corporate Bond ETF
mack,"Merrimack Pharmaceuticals, Inc."
dxcm,"DexCom, Inc."
evgbc,Eaton Vance NextShares Trust
kndi,"Kandi Technologies Group, Inc."
afmd,Affimed N.V.
seneb,Seneca Foods Corp.
apop,Cellect Biotechnology Ltd.
fcbc,"First Community Bankshares, Inc."
nh,"NantHealth, Inc."
trch,"Torchlight Energy Resources, Inc."
wood,iShares S&P Global Timber & Forestry Index Fund
sina,Sina Corporation
myrg,"MYR Group, Inc."
dtys,Barclays PLC
rand,Rand Capital Corporation
emkr,EMCORE Corporation
ssb,South State Corporation
mcef,First Trust Municipal CEF Income Opportunity ETF
tile,"Interface, Inc."
sfm,"Sprouts Farmers Market, Inc."
irmd,iRadimed Corporation
intl,INTL FCStone Inc.
rily,"B. Riley Financial, Inc."
cbli,"Cleveland BioLabs, Inc."
dare,"Dare Bioscience, Inc."
ntrsp,Northern Trust Corporation
svvc,"Firsthand Technology Value Fund, Inc."
gmlpp,Golar LNG Partners LP
ftxr,First Trust Nasdaq Transportation ETF
hyls,First Trust High Yield Long/Short ETF
glad,Gladstone Capital Corporation
lsbk,"Lake Shore Bancorp, Inc."
axas,Abraxas Petroleum Corporation
sppi,"Spectrum Pharmaceuticals, Inc."
mrcc,Monroe Capital Corporation
dhil,"Diamond Hill Investment Group, Inc."
tyht,"Shineco, Inc."
else,"Electro-Sensors, Inc."
ffin,"First Financial Bankshares, Inc."
tur,iShares MSCI Turkey ETF
acbi,"Atlantic Capital Bancshares, Inc."
hcapz,Harvest Capital Credit Corporation
ytra,"Yatra Online, Inc."
rnlc,First Trust Large Cap US Equity Select ETF
flir,"FLIR Systems, Inc."
swks,"Skyworks Solutions, Inc."
gec,"Great Elm Capital Group, Inc. "
rdi,Reading International Inc
vcit,Vanguard Intermediate-Term Corporate Bond ETF
atra,"Atara Biotherapeutics, Inc."
ctib,CTI Industries Corporation
isns,"Image Sensing Systems, Inc."
mlab,"Mesa Laboratories, Inc."
rgen,Repligen Corporation
dxlg,"Destination XL Group, Inc."
orly,"O&#39;Reilly Automotive, Inc."
wmgi,Wright Medical Group N.V.
awre,"Aware, Inc."
otic,"Otonomy, Inc."
smrt,"Stein Mart, Inc."
cyad,Celyad SA
creg,China Recycling Energy Corporation
chci,"Comstock Holding Companies, Inc."
ebayl,eBay Inc.
chw,Calamos Global Dynamic Income Fund
bokf,BOK Financial Corporation
alt,"Altimmune, Inc."
pgj,Invesco Golden Dragon China ETF
bis,ProShares UltraShort Nasdaq Biotechnology
inbk,First Internet Bancorp
cris,"Curis, Inc."
eng,ENGlobal Corporation
emif,iShares S&P Emerging Markets Infrastructure Index Fund
audc,AudioCodes Ltd.
endp,Endo International plc
vrns,"Varonis Systems, Inc."
pscc,Invesco S&P SmallCap Consumer Staples ETF
fmbh,"First Mid Bancshares, Inc."
ardx,"Ardelyx, Inc."
hiho,Highway Holdings Limited
htbx,"Heat Biologics, Inc."
mrin,Marin Software Incorporated
wynn,"Wynn Resorts, Limited"
ttd,"The Trade Desk, Inc."
vsda,VictoryShares Dividend Accelerator ETF
adxs,"Advaxis, Inc."
batra,Liberty Media Corporation
eyeg,"Eyegate Pharmaceuticals, Inc."
nghcp,National General Holdings Corp
jasn,"Jason Industries, Inc."
homb,"Home BancShares, Inc."
atlc,Atlanticus Holdings Corporation
ifv,First Trust Dorsey Wright International Focus 5 ETF
cbmg,"Cellular Biomedicine Group, Inc."
omex,"Odyssey Marine Exploration, Inc."
trns,"Transcat, Inc."
ocul,"Ocular Therapeutix, Inc."
enfc,Entegra Financial Corp.
ftc,First Trust Large Cap Growth AlphaDEX Fund
lbrdk,Liberty Broadband Corporation
psti,"Pluristem Therapeutics, Inc."
ftxn,First Trust Nasdaq Oil & Gas ETF
atvi,"Activision Blizzard, Inc"
ylco,Global X YieldCo & Renewable Energy Income ETF
mams,"MAM Software Group, Inc."
idra,"Idera Pharmaceuticals, Inc."
enzl,iShares MSCI New Zealand ETF
wvvi,"Willamette Valley Vineyards, Inc."
wneb,"Western New England Bancorp, Inc."
vrtu,Virtusa Corporation
lsxma,Liberty Media Corporation
ffwm,First Foundation Inc.
qtec,First Trust NASDAQ-100- Technology Index Fund
fve,Five Star Senior Living Inc.
pbbi,"PB Bancorp, Inc."
sybx,"Synlogic, Inc."
voxx,VOXX International Corporation
ssnt,"SilverSun Technologies, Inc."
chuy,"Chuy&#39;s Holdings, Inc."
drio,DarioHealth Corp.
jagx,"Jaguar Health, Inc."
flic,The First of Long Island Corporation
tgtx,"TG Therapeutics, Inc."
midd,The Middleby Corporation
alim,"Alimera Sciences, Inc."
nwbi,"Northwest Bancshares, Inc."
andar,Andina Acquisition Corp. III
kbwr,Invesco KBW Regional Banking ETF
myok,"MyoKardia, Inc."
pbyi,Puma Biotechnology Inc
cath,Global X S&P 500 Catholic Values ETF
hznp,Horizon Therapeutics Public Limited Company
abdc,Alcentra Capital Corp.
crvs,"Corvus Pharmaceuticals, Inc."
asrvp,AmeriServ Financial Inc.
pho,Invesco Water Resources ETF
via,Viacom Inc.
csb,VictoryShares US Small Cap High Div Volatility Wtd ETF
mgrc,McGrath RentCorp
slnow,"Soleno Therapeutics, Inc."
stnlu,Sentinel Energy Services Inc.
icon,"Iconix Brand Group, Inc."
nymx,Nymox Pharmaceutical Corporation
pool,Pool Corporation
praa,"PRA Group, Inc."
manh,"Manhattan Associates, Inc."
tcmd,"Tactile Systems Technology, Inc."
ring,iShares MSCI Global Gold Miners ETF
meli,"MercadoLibre, Inc."
bcov,Brightcove Inc.
live,Live Ventures Incorporated
zbio,ProShares UltraPro Short NASDAQ Biotechnology
pcyo,Pure Cycle Corporation
atni,"ATN International, Inc."
agle,"Aeglea BioTherapeutics, Inc."
csfl,CenterState Bank Corporation
msg,The Madison Square Garden Company
zkin,"ZK International Group Co., Ltd"
csgp,"CoStar Group, Inc."
ftsl,First Trust Senior Loan Fund ETF
rbb,RBB Bancorp
klic,"Kulicke and Soffa Industries, Inc."
hfbl,"Home Federal Bancorp, Inc. of Louisiana"
cree,"Cree, Inc."
fwrd,Forward Air Corporation
fb,"Facebook, Inc."
ibkco,IBERIABANK Corporation
imrn,Immuron Limited
crox,"Crocs, Inc."
grif,"Griffin Industrial Realty, Inc."
clrbz,"Cellectar Biosciences, Inc."
mrtn,"Marten Transport, Ltd."
ohai,OHA Investment Corporation
mram,"Everspin Technologies, Inc."
shv,iShares Short Treasury Bond ETF
seed,Origin Agritech Limited
atrc,"AtriCure, Inc."
cnxn,"PC Connection, Inc."
fwonk,Liberty Media Corporation
dspg,"DSP Group, Inc."
cez,VictoryShares Emerging Market Volatility Wtd ETF
omer,Omeros Corporation
prcp,"Perceptron, Inc."
snln,Highland/iBoxx Senior Loan ETF
diod,Diodes Incorporated
lcut,"Lifetime Brands, Inc."
arlp,"Alliance Resource Partners, L.P."
tril,Trillium Therapeutics Inc.
cutr,"Cutera, Inc."
resn,Resonant Inc.
mant,ManTech International Corporation
ssti,"ShotSpotter, Inc."
iboc,International Bancshares Corporation
skyw,"SkyWest, Inc."
sito,"SITO Mobile, Ltd."
gluu,Glu Mobile Inc.
bioc,"Biocept, Inc."
ipdn,"Professional Diversity Network, Inc."
rnwk,"RealNetworks, Inc."
pfg,Principal Financial Group Inc
llit,Lianluo Smart Limited
lorl,"Loral Space and Communications, Inc."
eye,"National Vision Holdings, Inc."
orbc,ORBCOMM Inc.
wvvip,"Willamette Valley Vineyards, Inc."
land,Gladstone Land Corporation
cycc,"Cyclacel Pharmaceuticals, Inc."
achn,"Achillion Pharmaceuticals, Inc."
ftcs,First Trust Capital Strength ETF
fomx,Foamix Pharmaceuticals Ltd.
sal,"Salisbury Bancorp, Inc."
cpst,Capstone Turbine Corporation
gene,Genetic Technologies Ltd
mnov,"MediciNova, Inc."
fcap,"First Capital, Inc."
aaxj,iShares MSCI All Country Asia ex Japan Index Fund
botz,Global X Robotics & Artificial Intelligence ETF
pbio,"Pressure BioSciences, Inc."
arkr,Ark Restaurants Corp.
jazz,Jazz Pharmaceuticals plc
caty,Cathay General Bancorp
neog,Neogen Corporation
mtrx,Matrix Service Company
lob,"Live Oak Bancshares, Inc."
sngx,"Soligenix, Inc."
bwfg,"Bankwell Financial Group, Inc."
dish,DISH Network Corporation
zionw,Zions Bancorporation N.A.
adma,ADMA Biologics Inc
sypr,"Sypris Solutions, Inc."
alrm,"Alarm.com Holdings, Inc."
crai,"CRA International,Inc."
ford,"Forward Industries, Inc."
inve,"Identiv, Inc."
play,"Dave & Buster&#39;s Entertainment, Inc."
rick,"RCI Hospitality Holdings, Inc."
pfi,Invesco DWA Financial Momentum ETF
mksi,"MKS Instruments, Inc."
tndm,"Tandem Diabetes Care, Inc."
extr,"Extreme Networks, Inc."
lrcx,Lam Research Corporation
agfsw,"AgroFresh Solutions, Inc."
csbr,"Champions Oncology, Inc."
kffb,Kentucky First Federal Bancorp
sorl,"SORL Auto Parts, Inc."
eigr,"Eiger BioPharmaceuticals, Inc."
dzsi,"DASAN Zhone Solutions, Inc."
apps,"Digital Turbine, Inc."
mgic,Magic Software Enterprises Ltd.
atec,"Alphatec Holdings, Inc."
ctg,"Computer Task Group, Incorporated"
lmrkp,Landmark Infrastructure Partners LP
tbnk,Territorial Bancorp Inc.
apen,"Apollo Endosurgery, Inc."
appn,Appian Corporation
sdvy,First Trust SMID Cap Rising Dividend Achievers ETF
mbrx,"Moleculin Biotech, Inc."
glbs,Globus Maritime Limited
wtba,West Bancorporation
ncmi,"National CineMedia, Inc."
fele,"Franklin Electric Co., Inc."
staa,STAAR Surgical Company
nati,National Instruments Corporation
ttoo,"T2 Biosystems, Inc."
rfem,First Trust RiverFront Dynamic Emerging Markets ETF
lake,"Lakeland Industries, Inc."
rmr,The RMR Group Inc.
cmct,CIM Commercial Trust Corporation
edit,"Editas Medicine, Inc."
mat,"Mattel, Inc."
mbsd,FlexShares Disciplined Duration MBS Index Fund
pypl,"PayPal Holdings, Inc."
bntc,Benitec Biopharma Limited
krma,Global X Conscious Companies ETF
aaxn,"Axon Enterprise, Inc."
rdus,"Radius Health, Inc."
fvc,First Trust Dorsey Wright Dynamic Focus 5 ETF
gfed,"Guaranty Federal Bancshares, Inc."
clbs,"Caladrius Biosciences, Inc."
trmt,Tremont Mortgage Trust
pcty,Paylocity Holding Corporation
osbcp,"Old Second Bancorp, Inc."
celgz,Celgene Corporation
grpn,"Groupon, Inc."
bstc,BioSpecifics Technologies Corp
itrn,Ituran Location and Control Ltd.
tour,Tuniu Corporation
vbnd,ETF Series Solutions Trust Vident Core U.S. Bond Strategy Fund
skor,FlexShares Credit-Scored US Corporate Bond Index Fund
bwen,"Broadwind Energy, Inc."
tcco,Technical Communications Corporation
accp,"Accelerated Pharma, Inc."
boxl,Boxlight Corporation
cid,VictoryShares International High Div Volatility Wtd ETF
nmih,NMI Holdings Inc
jblu,JetBlue Airways Corporation
bzun,Baozun Inc.
zg,"Zillow Group, Inc."
indb,Independent Bank Corp.
bcor,"Blucora, Inc."
chscp,CHS Inc
cala,"Calithera Biosciences, Inc."
bctf,"Bancorp 34, Inc."
ccbg,Capital City Bank Group
fln,First Trust Latin America AlphaDEX Fund
ovbc,Ohio Valley Banc Corp.
vsat,"ViaSat, Inc."
cece,CECO Environmental Corp.
asmb,"Assembly Biosciences, Inc."
loan,"Manhattan Bridge Capital, Inc"
neos,"Neos Therapeutics, Inc."
clct,"Collectors Universe, Inc."
sgh,"SMART Global Holdings, Inc."
bhf,"Brighthouse Financial, Inc."
galt,Galectin Therapeutics Inc.
cbfv,"CB Financial Services, Inc."
skyy,First Trust Cloud Computing ETF
spke,"Spark Energy, Inc."
ffhl,"Fuwei Films (Holdings) Co., Ltd."
ruth,"Ruth&#39;s Hospitality Group, Inc."
aimc,Altra Industrial Motion Corp.
mdiv,First Trust Multi-Asset Diversified Income Index Fund
bcom,B Communications Ltd.
dmpi,"DelMar Pharmaceuticals, Inc."
sprt,"support.com, Inc."
anda,Andina Acquisition Corp. III
scon,Superconductor Technologies Inc.
cacc,Credit Acceptance Corporation
taco,"Del Taco Restaurants, Inc."
glmd,Galmed Pharmaceuticals Ltd.
mpaa,"Motorcar Parts of America, Inc."
boch,Bank of Commerce Holdings (CA)
rnst,Renasant Corporation
actg,Acacia Research Corporation
wday,"Workday, Inc."
civbp,"Civista Bancshares, Inc. "
otel,Otelco Inc.
fnko,"Funko, Inc."
msft,Microsoft Corporation
holx,"Hologic, Inc."
tech,Bio-Techne Corp
hson,"Hudson Global, Inc."
shos,"Sears Hometown and Outlet Stores, Inc."
cnfr,"Conifer Holdings, Inc."
gnmk,"GenMark Diagnostics, Inc."
gds,GDS Holdings Limited
rcon,"Recon Technology, Ltd."
hifs,Hingham Institution for Savings
lbtyk,Liberty Global plc
hbann,Huntington Bancshares Incorporated
iknx,Ikonics Corporation
acrx,"AcelRx Pharmaceuticals, Inc."
abcb,Ameris Bancorp
ofs,OFS Capital Corporation
pnnt,PennantPark Investment Corporation
pdex,"Pro-Dex, Inc."
arcc,Ares Capital Corporation
aegn,Aegion Corp
iep,Icahn Enterprises L.P.
osur,"OraSure Technologies, Inc."
dxge,WisdomTree Germany Hedged Equity Fund
advm,"Adverum Biotechnologies, Inc."
arcb,ArcBest Corporation
spcb,"SuperCom, Ltd."
ldri,Invesco LadderRite 0-5 Year Corporate Bond ETF
mbuu,"Malibu Boats, Inc."
imte,Integrated Media Technology Limited
wifi,"Boingo Wireless, Inc."
nclh,Norwegian Cruise Line Holdings Ltd.
uthr,United Therapeutics Corporation
sbfgp,"SB Financial Group, Inc."
bfin,BankFinancial Corporation
epix,ESSA Pharma Inc.
brew,"Craft Brew Alliance, Inc."
ssp,E.W. Scripps Company (The)
ljpc,La Jolla Pharmaceutical Company
clir,ClearSign Combustion Corporation
vive,"Viveve Medical, Inc."
town,Towne Bank
fpxi,First Trust International Equity Opportunities ETF
syna,Synaptics Incorporated
fusb,"First US Bancshares, Inc."
vra,"Vera Bradley, Inc."
fbio,"Fortress Biotech, Inc."
vrig,Invesco Variable Rate Investment Grade ETF
lhcg,LHC Group
pcsb,PCSB Financial Corporation
scwx,SecureWorks Corp.
tsla,"Tesla, Inc. "
dxpe,"DXP Enterprises, Inc."
pyz,Invesco DWA Basic Materials Momentum ETF
sync,"Synacor, Inc."
bpopn,"Popular, Inc."
hcac,Hennessy Capital Acquisition Corp. IV
ctso,Cytosorbents Corporation
ter,"Teradyne, Inc."
sgma,"SigmaTron International, Inc."
dhxm,DHX Media Ltd.
lmnr,Limoneira Co
twnkw,"Hostess Brands, Inc."
lamr,Lamar Advertising Company
pfpt,"Proofpoint, Inc."
blfs,"BioLife Solutions, Inc."
hain,"The Hain Celestial Group, Inc."
reph,"Recro Pharma, Inc."
alco,"Alico, Inc."
sndx,"Syndax Pharmaceuticals, Inc."
pgnx,Progenics Pharmaceuticals Inc.
apdnw,Applied DNA Sciences Inc
rndm,First Trust Developed International Equity Select ETF
fizz,National Beverage Corp.
natr,"Nature&#39;s Sunshine Products, Inc."
hbnc,"Horizon Bancorp, Inc."
atrs,"Antares Pharma, Inc."
gpor,Gulfport Energy Corporation
axgn,"AxoGen, Inc."
sgms,Scientific Games Corp
ssbi,Summit State Bank
bios,"Option Care Health, Inc."
afh,"Atlas Financial Holdings, Inc."
bpfh,"Boston Private Financial Holdings, Inc."
ntnx,"Nutanix, Inc."
fmciw,Forum Merger II Corporation
vrnt,Verint Systems Inc.
agys,"Agilysys, Inc."
clls,Cellectis S.A.
ssnc,"SS&C Technologies Holdings, Inc."
ffbc,First Financial Bancorp.
team,Atlassian Corporation Plc
twou,"2U, Inc."
swir,"Sierra Wireless, Inc."
chscm,CHS Inc
pmts,CPI Card Group Inc.
jjsf,J & J Snack Foods Corp.
mmsi,"Merit Medical Systems, Inc."
hlit,Harmonic Inc.
tayd,"Taylor Devices, Inc."
xelb,"Xcel Brands, Inc"
nvfy,"Nova Lifestyle, Inc"
esgu,iShares ESG MSCI USA ETF
ktov,Kitov Pharma Ltd.
eufn,iShares MSCI Europe Financials Sector Index Fund
mjco,Majesco
ntwk,NetSol Technologies Inc.
rmbl,"RumbleOn, Inc."
ebtc,Enterprise Bancorp Inc
py,Principal Shareholder Yield Index ETF
srne,"Sorrento Therapeutics, Inc."
eslt,Elbit Systems Ltd.
newt,Newtek Business Services Corp.
neon,Neonode Inc.
angi,ANGI Homeservices Inc.
qgen,Qiagen N.V.
gtim,Good Times Restaurants Inc.
qat,iShares MSCI Qatar ETF
kblmu,KBL Merger Corp. IV
cmtl,Comtech Telecommunications Corp.
cohu,"Cohu, Inc."
ftxo,First Trust Nasdaq Bank ETF
ccd,Calamos Dynamic Convertible & Income Fund
whlrp,"Wheeler Real Estate Investment Trust, Inc."
rgls,Regulus Therapeutics Inc.
lpla,LPL Financial Holdings Inc.
pebo,Peoples Bancorp Inc.
cccl,"China Ceramics Co., Ltd."
ctbi,"Community Trust Bancorp, Inc."
clmt,"Calumet Specialty Products Partners, L.P."
chma,"Chiasma, Inc."
wilc,"G. Willi-Food International,  Ltd."
hska,Heska Corporation
nymtn,"New York Mortgage Trust, Inc."
psdo,"Presidio, Inc."
bfit,Global X Health & Wellness Thematic ETF
frgi,"Fiesta Restaurant Group, Inc."
wins,Wins Finance Holdings Inc.
nvmi,Nova Measuring Instruments Ltd.
nvee,"NV5 Global, Inc."
abio,"ARCA biopharma, Inc."
nviv,InVivo Therapeutics Holdings Corp.
srdx,"Surmodics, Inc."
gainm,Gladstone Investment Corporation
lmb,"Limbach Holdings, Inc."
kblmw,KBL Merger Corp. IV
virc,Virco Manufacturing Corporation
xog,"Extraction Oil & Gas, Inc."
pico,PICO Holdings Inc.
oxlco,Oxford Lane Capital Corp.
ibkr,"Interactive Brokers Group, Inc."
kequ,Kewaunee Scientific Corporation
ttmi,"TTM Technologies, Inc."
nsit,"Insight Enterprises, Inc."
wrlsr,Pensare Acquisition Corp.
rdwr,Radware Ltd.
nk,"NantKwest, Inc."
ptla,"Portola Pharmaceuticals, Inc."
flat,Barclays PLC
tusa,First Trust Total US Market AlphaDEX ETF
icfi,"ICF International, Inc."
altr,Altair Engineering Inc.
cvbf,CVB Financial Corporation
gt,The Goodyear Tire & Rubber Company
pmom,Principal Sustainable Momentum Index ETF
gecc,Great Elm Capital Corp.
grvy,"GRAVITY Co., Ltd."
fund,"Sprott Focus Trust, Inc."
kbwp,Invesco KBW Property & Casualty Insurance ETF
dfvs,Barclays PLC
goodm,Gladstone Commercial Corporation
club,"Town Sports International Holdings, Inc."
vcsh,Vanguard Short-Term Corporate Bond ETF
tcpc,BlackRock TCP Capital Corp.
chi,Calamos Convertible Opportunities and Income Fund
ncsm,"NCS Multistage Holdings, Inc."
fab,First Trust Multi Cap Value AlphaDEX Fund
cfo,VictoryShares US 500 Enhanced Volatility Wtd ETF
eltk,Eltek Ltd.
gmlp,Golar LNG Partners LP
linc,Lincoln Educational Services Corporation
smsi,"Smith Micro Software, Inc."
scyx,"SCYNEXIS, Inc."
newtl,Newtek Business Services Corp.
slim,The Obesity ETF
clwt,Euro Tech Holdings Company Limited
pval,Principal Contrarian Value Index ETF
admp,Adamis Pharmaceuticals Corporation
srev,"ServiceSource International, Inc."
icbk,"County Bancorp, Inc."
qumu,Qumu Corporation
evol,"Evolving Systems, Inc."
fnjn,"Finjan Holdings, Inc."
lmat,"LeMaitre Vascular, Inc."
mays,"J. W. Mays, Inc."
amag,"AMAG Pharmaceuticals, Inc."
amzn,"Amazon.com, Inc."
expd,"Expeditors International of Washington, Inc."
gass,"StealthGas, Inc."
cemi,"Chembio Diagnostics, Inc."
fpay,"FlexShopper, Inc."
dxjs,WisdomTree Japan Hedged SmallCap Equity Fund
hnrg,Hallador Energy Company
imkta,"Ingles Markets, Incorporated"
gfn,General Finance Corporation
mbin,Merchants Bancorp
aapl,Apple Inc.
mpwr,"Monolithic Power Systems, Inc."
mtbc,"MTBC, Inc."
vxus,Vanguard Total International Stock ETF
snna,"Sienna Biopharmaceuticals, Inc."
glbz,Glen Burnie Bancorp
plya,Playa Hotels & Resorts N.V.
sieb,Siebert Financial Corp.
drrx,DURECT Corporation
titn,Titan Machinery Inc.
mpvd,Mountain Province Diamonds Inc.
fldm,Fluidigm Corporation
chrs,"Coherus BioSciences, Inc."
jsml,Janus Henderson Small Cap Growth Alpha ETF
ueps,"Net 1 UEPS Technologies, Inc."
lrad,LRAD Corporation
prtk,"Paratek Pharmaceuticals, Inc. "
immu,"Immunomedics, Inc."
tsem,Tower Semiconductor Ltd.
vtwo,Vanguard Russell 2000 ETF
uslb,Invesco Russell 1000 Low Beta Equal Weight ETF
intc,Intel Corporation
azrx,"AzurRx BioPharma, Inc."
bbgi,"Beasley Broadcast Group, Inc."
bmch,"BMC Stock Holdings, Inc."
aobc,American Outdoor Brands Corporation
robo,Exchange Traded Concepts Trust ROBO Global Robotics and Automa
dtea,DAVIDsTEA Inc.
ccoi,"Cogent Communications Holdings, Inc."
staf,"Staffing 360 Solutions, Inc."
tts,"Tile Shop Hldgs, Inc."
unfi,"United Natural Foods, Inc."
grow,"U.S. Global Investors, Inc."
snoa,"Sonoma Pharmaceuticals, Inc."
