Sid,Aid
y0cq65zt4w,wba
y0cq65zt4w,wday
y0cq65zt4w,glbz
y0cq65zt4w,nvec
y0cq65zt4w,marps
y0cq65zt4w,srev
y0cq65zt4w,adrd
y0cq65zt4w,seic
y0cq65zt4w,tlt
y0cq65zt4w,pwod
9427qd9afz,run
9427qd9afz,rdvy
9427qd9afz,krma
9427qd9afz,ceco
9427qd9afz,ptsi
9427qd9afz,ttmi
9427qd9afz,ftnt
9427qd9afz,sblk
9427qd9afz,sfix
9427qd9afz,nete
7r7pn0r25w,splk
7r7pn0r25w,botj
7r7pn0r25w,xbit
7r7pn0r25w,anat
7r7pn0r25w,cpix
7r7pn0r25w,tbk
7r7pn0r25w,gds
7r7pn0r25w,apog
7r7pn0r25w,egbn
7r7pn0r25w,plxs
oc8ebhmhzf,adtn
oc8ebhmhzf,cnfr
oc8ebhmhzf,hbmd
oc8ebhmhzf,gldd
oc8ebhmhzf,cey
oc8ebhmhzf,smmf
oc8ebhmhzf,irmd
oc8ebhmhzf,ibuy
oc8ebhmhzf,tess
oc8ebhmhzf,sbny
81gqeoetw1,btec
81gqeoetw1,epix
81gqeoetw1,aaww
81gqeoetw1,akts
81gqeoetw1,dwfi
81gqeoetw1,nghc
81gqeoetw1,dhxm
81gqeoetw1,rnsc
81gqeoetw1,iti
81gqeoetw1,bick
0uanaa7gmh,pset
0uanaa7gmh,lpth
0uanaa7gmh,wrld
0uanaa7gmh,fgm
0uanaa7gmh,sgrp
0uanaa7gmh,agnc
0uanaa7gmh,hlg
0uanaa7gmh,odp
0uanaa7gmh,pten
0uanaa7gmh,goodm
q9uxc531x8,evbg
q9uxc531x8,mhld
q9uxc531x8,etfc
q9uxc531x8,seneb
q9uxc531x8,batrk
q9uxc531x8,qrhc
q9uxc531x8,wba
q9uxc531x8,olli
q9uxc531x8,rmbl
q9uxc531x8,nymto
8jg5jz175u,vtc
8jg5jz175u,pwod
8jg5jz175u,sivb
8jg5jz175u,wsfs
8jg5jz175u,fmao
8jg5jz175u,sppi
8jg5jz175u,wltw
8jg5jz175u,dgrs
8jg5jz175u,ptct
8jg5jz175u,chscm
ef7ceoicta,natr
ef7ceoicta,wood
ef7ceoicta,ftxr
ef7ceoicta,vrtx
ef7ceoicta,cthr
ef7ceoicta,bmch
ef7ceoicta,cerc
ef7ceoicta,mdgl
ef7ceoicta,tvix
ef7ceoicta,wstl
e1ns804yob,lmrko
e1ns804yob,ipgp
e1ns804yob,ipdn
e1ns804yob,uae
e1ns804yob,ug
e1ns804yob,bkyi
e1ns804yob,kndi
e1ns804yob,dbvt
e1ns804yob,arlp
e1ns804yob,qtnt
bciug9wmy5,lgnd
bciug9wmy5,ceva
bciug9wmy5,chi
bciug9wmy5,adsk
bciug9wmy5,vglt
bciug9wmy5,hcci
bciug9wmy5,robo
bciug9wmy5,soho
bciug9wmy5,pxlw
bciug9wmy5,fpa
ehwbwwlaox,nnbr
ehwbwwlaox,cvgw
ehwbwwlaox,dgre
ehwbwwlaox,lstr
ehwbwwlaox,rgnx
ehwbwwlaox,nvee
ehwbwwlaox,csiq
ehwbwwlaox,simo
ehwbwwlaox,nymx
ehwbwwlaox,mags
zeei0t90j1,dgica
zeei0t90j1,nymto
zeei0t90j1,msbf
zeei0t90j1,mbsd
zeei0t90j1,mdrx
zeei0t90j1,wvfc
zeei0t90j1,dgrs
zeei0t90j1,tmus
zeei0t90j1,sedg
zeei0t90j1,lob
j2zl01lp3v,cgbd
j2zl01lp3v,fibk
j2zl01lp3v,bysi
j2zl01lp3v,hdsn
j2zl01lp3v,psti
j2zl01lp3v,hibb
j2zl01lp3v,ctso
j2zl01lp3v,bosc
j2zl01lp3v,iboc
j2zl01lp3v,gecc
rbhrcaqz7z,powl
rbhrcaqz7z,pbip
rbhrcaqz7z,mrcc
rbhrcaqz7z,gfncp
rbhrcaqz7z,chi
rbhrcaqz7z,lamr
rbhrcaqz7z,pahc
rbhrcaqz7z,mini
rbhrcaqz7z,thrm
rbhrcaqz7z,entg
rs2xikhhyz,lbtya
rs2xikhhyz,qaba
rs2xikhhyz,adrd
rs2xikhhyz,indy
rs2xikhhyz,qdel
rs2xikhhyz,rrd
rs2xikhhyz,lyts
rs2xikhhyz,cake
rs2xikhhyz,prta
rs2xikhhyz,cdtx
jsmg13vykv,gtls
jsmg13vykv,tcbk
jsmg13vykv,plug
jsmg13vykv,msbi
jsmg13vykv,ttgt
jsmg13vykv,iti
jsmg13vykv,mrcc
jsmg13vykv,ovbc
jsmg13vykv,ebsb
jsmg13vykv,fpay
9135q4nvrc,arwr
9135q4nvrc,bcli
9135q4nvrc,sien
9135q4nvrc,dlhc
9135q4nvrc,tcpc
9135q4nvrc,qcrh
9135q4nvrc,zsan
9135q4nvrc,codx
9135q4nvrc,gwrs
9135q4nvrc,slim
19zclp5oir,sbux
19zclp5oir,hpj
19zclp5oir,lway
19zclp5oir,spkep
19zclp5oir,ambc
19zclp5oir,rost
19zclp5oir,cone
19zclp5oir,jnce
19zclp5oir,smsi
19zclp5oir,vsmv
bizjl6ein5,gpp
bizjl6ein5,brks
bizjl6ein5,gern
bizjl6ein5,sfbs
bizjl6ein5,vnda
bizjl6ein5,iei
bizjl6ein5,slqd
bizjl6ein5,vxus
bizjl6ein5,cacc
bizjl6ein5,gldd
sydncupv2o,cytk
sydncupv2o,hiho
sydncupv2o,gifi
sydncupv2o,fbnc
sydncupv2o,cpta
sydncupv2o,laur
sydncupv2o,arlp
sydncupv2o,ltxb
sydncupv2o,gsit
sydncupv2o,lsbk
caouedw1in,smmt
caouedw1in,useg
caouedw1in,akca
caouedw1in,fcef
caouedw1in,iii
caouedw1in,afmd
caouedw1in,rmr
caouedw1in,ewbc
caouedw1in,cac
caouedw1in,fisv
lpbk9kf1g3,alna
lpbk9kf1g3,kirk
lpbk9kf1g3,kids
lpbk9kf1g3,paas
lpbk9kf1g3,nwbi
lpbk9kf1g3,nsys
lpbk9kf1g3,virt
lpbk9kf1g3,driow
lpbk9kf1g3,cers
lpbk9kf1g3,vrna
vr5zat7s94,inse
vr5zat7s94,mark
vr5zat7s94,acwi
vr5zat7s94,appf
vr5zat7s94,creg
vr5zat7s94,mrin
vr5zat7s94,prov
vr5zat7s94,ocfc
vr5zat7s94,rfil
vr5zat7s94,eyeg
jwxssu5z1k,insm
jwxssu5z1k,dlth
jwxssu5z1k,pacb
jwxssu5z1k,xone
jwxssu5z1k,cbmg
jwxssu5z1k,inov
jwxssu5z1k,agrx
jwxssu5z1k,mtsc
jwxssu5z1k,lfvn
jwxssu5z1k,snfca
mk2e1zrq1w,kfrc
mk2e1zrq1w,evol
mk2e1zrq1w,mu
mk2e1zrq1w,hope
mk2e1zrq1w,mgee
mk2e1zrq1w,eyes
mk2e1zrq1w,nihd
mk2e1zrq1w,hbcp
mk2e1zrq1w,halo
mk2e1zrq1w,fwona
rubz47icfw,hmtv
rubz47icfw,esge
rubz47icfw,adus
rubz47icfw,pebo
rubz47icfw,tbnk
rubz47icfw,tcf
rubz47icfw,ontx
rubz47icfw,rosew
rubz47icfw,cetxp
rubz47icfw,htld
t6dkii4c7c,feuz
t6dkii4c7c,nvda
t6dkii4c7c,kins
t6dkii4c7c,inpx
t6dkii4c7c,ckpt
t6dkii4c7c,crvl
t6dkii4c7c,koss
t6dkii4c7c,amba
t6dkii4c7c,txrh
t6dkii4c7c,cyou
iublibvmc0,wvfc
iublibvmc0,ntra
iublibvmc0,jsml
iublibvmc0,nghc
iublibvmc0,vrtx
iublibvmc0,trow
iublibvmc0,kgji
iublibvmc0,gnma
iublibvmc0,fomx
iublibvmc0,ncna
vkpwok03xi,gure
vkpwok03xi,aaxj
vkpwok03xi,vgit
vkpwok03xi,endp
vkpwok03xi,adrd
vkpwok03xi,meso
vkpwok03xi,disck
vkpwok03xi,cpsi
vkpwok03xi,ostk
vkpwok03xi,fcef
