y0cq65zt4w,Douglas,igq8jtgev4@mail.com,w1un
9427qd9afz,Howard,mlcq4e@columbia.edu,jcf8z
7r7pn0r25w,Kenneth,5vmp@columbia.edu,hoxkv1dgj
oc8ebhmhzf,Rebekah,cbml@yahoo.com,4ndb
81gqeoetw1,John,0m@mail.com,iaz
0uanaa7gmh,Enrique,7whjr@columbia.edu,cn
q9uxc531x8,Richard,h5zqncn@mail.com,gm3yx
8jg5jz175u,Concha,8oavuuc@mail.com,qjys4
ef7ceoicta,Diane,j3x6y7@mail.com,f7
e1ns804yob,Leroy,ipsvdc@outlook.com,j5fjw0c3y3dg4j
bciug9wmy5,Dana,j11f@columbia.edu,eg0jb210b5uqfw
ehwbwwlaox,Billy,iou6p@gmail.com,sx0cib
zeei0t90j1,Katie,p2x@yahoo.com,dy0a0u2nxs4flgrh9
j2zl01lp3v,Brian,4ns@columbia.edu,3antht8j14f5o8z
rbhrcaqz7z,Susan,7pke@outlook.com,s7i7n8g08z
rs2xikhhyz,Karen,zax@columbia.edu,arso
jsmg13vykv,Carla,m2ndycof@gmail.com,dlotf6sw03d7
9135q4nvrc,Mary,i@columbia.edu,oz9o3mvgfuu83u
qb7cmxfn7w,Fernando,yrhw@gmail.com,sope7tuox4skia96ux
bizjl6ein5,Joseph,oywi5@columbia.edu,b7w53tao9k548ufqizmu
sydncupv2o,Teresa,5@yahoo.com,bp
caouedw1in,Louise,0yka@mail.com,6jfvp
lpbk9kf1g3,Eugene,qv@yahoo.com,bc5fwsj3p6wkz
vr5zat7s94,Tim,nhvp8wkjv@yahoo.com,d
jwxssu5z1k,Herman,yx3c9@outlook.com,obx7kmw5bpprl0e2p26g
mk2e1zrq1w,Maria,5@columbia.edu,mzy1yc3wi
rubz47icfw,Jesus,7c@mail.com,lwff9lqmquqq7
3j29jcl6cu,Audrey,myewghbwb@gmail.com,au3954fd8zqb7
gfvwg4cj7s,James,psvkpwok@outlook.com,xiyakayljbbu6ac
dhjjyb01vp,Ronald,8zei0wg@outlook.com,p4yozp4zeqr7x8
b4prcuzg8d,Francis,0@yahoo.com,1g33kkv40ks6h
xwjw47dmql,Carolyn,s9@outlook.com,0r
ynwiihwkb1,Norma,189@gmail.com,jnkob7
i5wsvh0qkv,Ellen,4g@cs.columbia.edu,59z4qlo8xktj3ee4z
09fq4ohsjx,William,i9@gmail.com,c
z95g49wvga,Charles,roa5w6vfet@mail.com,oxyjosm4wsyihz
w64oxw1rwz,Justine,mf3m@columbia.edu,0e8loo0y4a1nycrbw
xv3i7fqggr,Vincent,7fmt7@yahoo.com,djvc
vk3ym05mkz,Corey,5u9macdi@gmail.com,og71sv5mkx9w2z2
u3ejohjz38,Lorenzo,bz@gmail.com,008
nai75ty88e,Jeremy,yy6voqfc@gmail.com,5e741uybh1i
jbh1pcrqyh,Stephanie,7ei5@columbia.edu,owg9nlozm2wkrw9mn
3uir9afutu,Robert,s@columbia.edu,rm69w2
f0680hf3ul,Melissa,tgl@gmail.com,ax70h7p5srz14dk
7wmpjotjl9,Esther,o0kp9i@mail.com,p7tb3m
d0ky6yny87,Margaret,8af@columbia.edu,z2r0wzqe
kpncd6e2p2,Steve,4svwy@outlook.com,z6tpm1nq6k6i7864vq1
t37dmq3ebm,Bob,n@gmail.com,lxrabbktpz5xwf1hbla8
rwnymull5j,Darlene,g6q9z2@outlook.com,0ihhl4
sg1qrhw68e,Zachery,fzodn@outlook.com,d
zi9t0z8d28,Willie,nzad7easj@gmail.com,ihvaujvefxnq2v548
7ffu2yz849,Sherry,yx@cs.columbia.edu,ape4hx1p8b76hcwcx
lvr540ap4w,Ismael,xyspnqp8@mail.com,3pvjupjq9l8h
24nlwpf85n,Kelly,ff6@columbia.edu,6vgpbcgtfzi7mrskloi
ioq5tjrnfi,Kellye,mbw84i@yahoo.com,froajna0i
j58c6uol3u,Cynthia,gy0e9n7m@gmail.com,fmg6im971zq4bwwn
cm2n7najp3,Sallie,b5sj7xjh@mail.com,uexmms71yzc
j2esj7m5wj,Fredrick,g5p7@columbia.edu,f
3qq9ykph7k,Rosemary,r3q0@columbia.edu,j2d
wvq0ybspnf,Thomas,tfxj2by2d@yahoo.com,6137mkargy
qm54q6zi5r,Glenn,vqgb1tu@mail.com,v0ihpw4
2lw110xgf9,Nancy,7@yahoo.com,4pzg0dsktr7h9
vajafvv2mp,Marylou,x@outlook.com,spbg37lmyv9ic5032xam
ne5if79zrn,Jeffrey,5eglco@yahoo.com,a711ls
z2t8ck4kgh,Delia,ttzcrv3eds@gmail.com,t9nye1ccfxastda
ccjk4fib9i,Aaron,mg51@columbia.edu,426k
8gix16if6c,Chasity,nilh54irq@gmail.com,lw
umg65jqumh,Shelley,y9wcvozc0@mail.com,kqcrfv0ar
olqx7hk5me,Debra,qa@columbia.edu,kvlzo9mc8m382vwxhb0x
l4oyam50zk,Dale,1r0cb09@columbia.edu,bb5y8w947
294lbwnt1e,Brittany,6ijev@gmail.com,b5
4e7di3iqft,Shellie,zgsf@mail.com,gntzl72rvlzqlkfn7w3
fv71t3diwl,Shirley,medolxy7x0@gmail.com,coa2a0jmeiurs
2v705vr7t2,Kathy,mer66k@mail.com,5h4p1l
hd7cfgijnw,Dawn,mv@outlook.com,v1hve45t
pydwvkf9r3,Roberto,9xkff@gmail.com,m4mb
yvqwq27ct2,Mina,4a7zvnws@gmail.com,rmhwyj
tqkzbely0f,Nathan,8enu29gk@gmail.com,d2qn8d5ebdmk5m7sfjx8
avt8ota0we,Susann,l@yahoo.com,38eacfizylo9gbczzsk
ybu07m6wpc,Florence,jktb@cs.columbia.edu,i7l8
0qaxic6n2r,Rosalind,pr@gmail.com,gr5xsdqgwsm
vopmmyh8qk,Lelia,8@yahoo.com,81
hqm6tfg619,Ruth,ssl5@cs.columbia.edu,8pe4mw1r
ugi3w6ie3z,Frances,lvlbv@gmail.com,6upg
9g475svfnc,Rebecca,ub1j@columbia.edu,d9smx
pfo1usbe3r,Deborah,3h7b5pr6tq@gmail.com,24tvasgvfjy3q
wrol933q4g,Grady,9dqxvx@columbia.edu,vls4c86turuew
b2lwsq5a2k,Edward,hdy2ycub@yahoo.com,3
qnl3gz9dqg,Lori,9pb8@cs.columbia.edu,p5851
l2qlcxsvro,Michael,x@cs.columbia.edu,fxxe0mxqjn7
li6hu9gkwq,Gary,3@cs.columbia.edu,w6otb5irnxas1oao
yiq9miy4x4,Ella,ipicd349@mail.com,1pngvlsg
22m4q4m2kn,Doris,2nzosubxc1@yahoo.com,9
bdd0t2vb9y,Larry,vc@columbia.edu,ha7g8cn0rggl
hj9po4qznd,Kimberley,iz3epohj@outlook.com,0qm9c9yj5idty430
v8oet86pvt,Morris,kh7r@cs.columbia.edu,y
zmbkd01v1y,Christopher,3@yahoo.com,oqyd125knh87g7n9z
urodurflg3,Jerry,1lc7lk1mt@mail.com,ddobxq3sr7vxie28hg
jkv0n8qwwq,Ryan,0h0@outlook.com,g3j
yl09cw1rsj,Fletcher,x0or@outlook.com,wjfunczyrvm6pc5pn
rkl2ocfozz,Melanie,j@mail.com,tcnt5yhwf3
xocgw3mtsg,Sarah,qs8s1a@yahoo.com,e4s39x4etn03w2j4
xeqni7sfla,Eula,hrbl4de@columbia.edu,j2knpo8bd
25vjedddoz,Blanca,wegs01@mail.com,7jhxzhld0
9brupbdcbo,Dorothy,sq3@columbia.edu,1oqr
hi8hxxrxde,Martha,i@outlook.com,one1w8eklo9
fs6ydwn3m3,Israel,wuvb1gu@outlook.com,xpixyy9smneynl
mdvyeg9cxj,Julie,bjwu@yahoo.com,hsxdg29
ob34epennm,Katherine,ravdwk0f19@yahoo.com,348ua
xbf35ap7dg,Dwight,b8mvmjs8@mail.com,1gqyne
xzj085gq1w,Marva,nnyk5tf@yahoo.com,tnbd
wf2st5yro9,Ethel,80b0199@gmail.com,fv08
tn53ls784x,Jessie,v@cs.columbia.edu,j8rde2l5t6jkep6
k3ch7wv1wo,Javier,v4oyv8@columbia.edu,v2n30u114mk4
dmc5akgk7n,Norman,7gg9ffa@gmail.com,37jtsouri
5kvmpiz4yd,Randy,1c@gmail.com,temb2y1
4nrew51vbc,Wayne,ubgdfow@mail.com,8zrm
l223of69lh,Nina,fhm6p@gmail.com,2m55g
x18la0iiyx,Marshall,wo5d03c@mail.com,mukbu5e9zt8
lob4hn2sts,Jacob,ocu@cs.columbia.edu,3b85zsbpwwuk0mzdbr8n
tjazqpbcl2,Jamie,4tgbceo@mail.com,u6gf4s53dt894x
4i8od2ppoc,Sharita,vni34k6@gmail.com,yrnwt3i1y20ndq
7d4d0lbaql,Cecil,vbtzgy0vn@yahoo.com,k2yu28jg
s2hit8p6v0,Olivia,730r@cs.columbia.edu,gjo
58ld3l74ib,David,cui@yahoo.com,tq
o7u9nni2yj,Christa,s1vmb1jueio@mail.com,4tc22
8j6yfp309u,Daniel,mp@gmail.com,v070fxf
uyh6udedst,Ramon,gxwsk3@yahoo.com,mpfh0k57387lag
b4jnvdf67q,Marian,nq@gmail.com,7om6
s1s340nnan,Margarita,dvdie@mail.com,hdhj
ytb2gm69ao,Virginia,l6zugkh9j4@gmail.com,c
tnhqq25or9,Anastasia,2o80g0zmhx@yahoo.com,pb6eb0wmnv1gc51tryr
yjibelcux7,Dung,2drj@outlook.com,ovfgq53
t0x8lfhizr,Kurt,e9pk@outlook.com,xrciax2
stvlaskb22,Blake,tfhgep12e3b@mail.com,j09vkv
kp4zkgxk3g,Steven,ht@cs.columbia.edu,lnz49brzh
tx89yssf2o,Lillian,t3ti@outlook.com,xq007t41p
l3sigliqsr,George,m@columbia.edu,u7cr51hkqmoulcdamgd
5ftm6w1kp6,Andrew,d715j06@mail.com,lku
k0x10snz00,Joel,a47@columbia.edu,vu4s7edeslr
pfgmct1qf6,Tony,1iw@columbia.edu,o4f7o63
k3xpiht56d,Jessica,yxne0m@yahoo.com,o40tw
krtzxppm0i,Selene,kcuvcsm@outlook.com,ck9nx
31o7il47jb,Timothy,my@gmail.com,az78hq3du4d5iiw3
udfmaf0rnh,Angela,cbqlc2qw@mail.com,yruz
vywum7t5md,Nicolle,4typbj@mail.com,lztqbwgxv
7uo6pqb6ku,Bobby,rfv3@gmail.com,58fqnkhru9bv6ajx4g
pyoqdaw8ru,Trent,glmm8xf@mail.com,rm6mrfn4
pewatlnb83,Bernice,zix66k5e@gmail.com,x40qla5qcecw9415
hmdxyqw7vi,Helen,kk3gwo8zu@gmail.com,727gzysv2uy3gi542ln
lhwi7l92oo,Annie,c7rs6g@columbia.edu,r1cq4c8447v418rc
efomnru8l8,Leigh,tym@columbia.edu,2otaasadp6vxwf6rb
ide9verjwp,Scott,cn5v6o9@yahoo.com,54phijru
ic6yky3cq3,Dinah,wt3j7@gmail.com,f3iqhkx64c
9l0mrawauv,Shawn,8yc@outlook.com,spi9gw9nm70k1brqfa2
srxc0ccmaj,Hollie,ggpufll8p57@mail.com,f16o6vr6y2ga0fws8ddx
lgpw7cv9po,Tiffany,tga5dbjd@yahoo.com,im1jcnk9bnej8amz
94a37zrb2l,Morgan,8@outlook.com,y25w466pbx
optq11rsib,Deirdre,x@yahoo.com,yw54
x9jkbzpgim,Pamela,3nu@columbia.edu,26306
cijo5ece8b,Natalie,ck2p4@columbia.edu,812ppery4zl
ssqanoo3af,Ann,5ax@outlook.com,drrml9qq6fg0y7ew
qq122000qg,Simon,nl@cs.columbia.edu,8r0g5j1awl4vaarn79
lz45mox4x8,Sylvia,u@outlook.com,x8vdco20
5rsfbqfgp8,Traci,wdfj@columbia.edu,y5yl
u5b8mtvpky,Kathleen,hq1dqgyn8x@gmail.com,3e8yh
6l7h2nluka,Wallace,h@cs.columbia.edu,obycigie2xnkrf0us
u9hpmz0jep,Mark,y@mail.com,9j5gfd0nppaegnn2x8vw
a1yy40ujan,Micheal,mpygy9@yahoo.com,ptaltxu6v02lwfpxxmcu
6gxqbfri2r,Aida,ajqottipu@gmail.com,fg5vfoskcrabftqu10
i7h02wt4g2,Rosanne,s@outlook.com,m
fps6ob0f7o,Bruce,ajqe268p1@yahoo.com,28dxg1re
5wmfleb1hv,Damon,ps2a7q8@columbia.edu,anl0bi2z263u724fre1m
ffwfyz0mv5,Donald,n@cs.columbia.edu,o
ilykm17clb,Flora,1@yahoo.com,n5fgr0ismbl19oxdjz3
zgytdrojyl,Opal,k@mail.com,2n5i1t
6d3km5eiyg,Terrance,o60ds@columbia.edu,1ey
799cehme0c,Marjorie,o20ha6i@gmail.com,ly99
m24moetid1,Marisol,zlt6td7t7@gmail.com,m1cnsre2krfudkl1
vvaejxw1bx,Christian,sunhm@gmail.com,0c5vrv4gabxr0oyoegr
bzsxzlxyh9,Alice,tp@gmail.com,8u4
fubcuhg04y,Laura,2kchc@outlook.com,vhx05gdmhl3a
508ibizhh6,Kyle,mb5t4agxp@mail.com,pymyglqgsk9i30y0o9
ff1ut500wz,Christina,hs@cs.columbia.edu,dutu5eicgzpasotgy
0reaos9be6,Ora,sco@gmail.com,0vh4ey4dgk40qn
0tkfg3bski,Matthew,k5xgbyb@outlook.com,qu689fnwe
wcp6zfe6et,Denise,wn5l@columbia.edu,m9i
9r2olz4hrr,Pia,new1k@yahoo.com,fyuqwly
ajgc4bo6o3,Shonda,9wzi7sx@mail.com,71qvb0cs30pihp
ziq74mrtno,Tara,ctt58s9z@outlook.com,haiwgfnr15c0
axf3smv3z5,Guadalupe,kob5@outlook.com,xw63uroc8vfk2ui813
fi4je1r3d8,Rosa,6s@yahoo.com,raiqjs225ta5hilhdp0
cmyme6ns86,Carlos,6h8cjxv@gmail.com,n
rjgjwhbafr,Catherine,lyqt9oc@gmail.com,myb3f
1h9cx0phg9,Lois,vcsn@gmail.com,fr8bedit
zg1o3cl7tl,Ruby,h@columbia.edu,vg6x5yyqryma5izrt7r
iy6edx4sog,Pauline,ncluu0@mail.com,7lu7sjz3hlqkx2tpc2y
atm6fpwolq,Reynaldo,zp9xgf6@yahoo.com,8v1yo3ceeb2
whshejmo8c,Fannie,m3pjnpm@yahoo.com,nfpk3h
8t3wjlkqqs,Robbie,lbd2k@outlook.com,hvx1m
frmk95e33s,Kelley,7o@mail.com,f0lkvr
w1osl71fpl,Lonnie,5pmz@gmail.com,y
6dbg4l3blq,Melody,jk@cs.columbia.edu,uz
1kck1ev84v,Dora,41u6@mail.com,b6qrgtz
a7zfkpoju7,Hannah,v6@columbia.edu,graas23ndxz9
ygh1foj9yn,Edwin,8qg3@outlook.com,n8yvc1a166a
daosnbtho1,Tracy,bqxlvv3w2@mail.com,l5wslm4l0ba4kp
8p24zi0e7b,Anna,gmua5y0@yahoo.com,651i2urk9oley
l4lntyjkdk,Henry,hapz08@columbia.edu,786yj4dnyrl1
4c35fb7wkv,Kelli,7yj0os@gmail.com,7t6c
z1hokwfjp5,Verna,96i0zjz@yahoo.com,jimjmz87ag
r40spkjcxx,Lindsey,auh@columbia.edu,ni
ozfr9j0c6n,Ramona,wec@columbia.edu,ltj4pnouxeq65hhhzp
t7lr41n52y,Gene,x9rgo@columbia.edu,ltlmwscf3
6daf8aoibw,Todd,8hg2jb@mail.com,mqto4
usjeya75od,Jimmy,56v@yahoo.com,3xuncbnvuo93vvkjjvn
yw1xxvaacy,Jo,0png3nn@mail.com,z0f
x7ezbkifby,Felicia,937p11qyv@gmail.com,o3jc
op09n0ea0z,Donna,d2@gmail.com,vkj5
q9xahp3132,Jason,2eu0@yahoo.com,lkw1n
g0t0nbpgbw,Bess,uaqijsd@gmail.com,dsqefy085
xrgktak9z7,Melodie,h2w89@mail.com,kadz0uq2wh
vymmxaxw6m,Gladys,z50rcl0@columbia.edu,0olzx5bk58weuocsc1q
x8euf87c6y,Thelma,xb6z627@mail.com,ymcpdss7y3v0yh03s4na
rz8n1euz49,Hector,cr7geo2iy@gmail.com,3qwi5ksjbry8
ic7yz9bmvw,Rose,ylk5@columbia.edu,mriwn8iodo
ydq24ux449,Jack,de@outlook.com,47v4s2ub0zd
i4ns8qm4ww,Tammy,ha0vn@mail.com,x6u26ld3t
oun4u4cv5w,Yvonne,elm@yahoo.com,ln9qym7fq3c
7ulj83mp0b,Ashley,c@gmail.com,mdq650b6
hwpkpee2xc,Eileen,sfytbdg@columbia.edu,jbsl
do6j3dxt3p,Rosalba,xg97cfo5a0@mail.com,orwcuhb
wk6nutcp7p,Amy,w8@columbia.edu,87rb4of8amvxk7
jyc2h3udks,Joe,zjmv3ckx@outlook.com,h0x3
9ugwc3xs6i,Pearl,8wko5b@outlook.com,qzb60e
kzfhm0qjr5,Gregory,z1cfx8m@mail.com,x3o5emx
xy2p7j6gy1,Cindy,gd07w0l@mail.com,rbp64a
zf9poy3pkw,Judy,k9@mail.com,7413jetr2j9
ivs9y64u28,Sonja,ttinhzme@outlook.com,ot86ylb46
1f2k86j10a,Amelia,qwqkkojs@yahoo.com,02jdxdvgnbjtdp7a
hdka5listm,Brittanie,wcvf@columbia.edu,sq4ll6q2ge3
wsitvftwvy,Linda,0v@gmail.com,qnk3pu0dao04pv
pvqtytjh91,Antonio,l4gh8882j@mail.com,67u9yhiw4p02
7ccl0k60kz,Luis,wsmp@gmail.com,0w3t
sjda8e1x3d,Ernest,n8zma@columbia.edu,mhd0
qiiiow492w,Alan,95rnxh@mail.com,ch25k0frsbkv8v
r5m2m5eerp,Krystal,fu4iv8m5@gmail.com,nhny3j4qabn
jpuom2s460,Shaun,pyfkeyvfab@gmail.com,s0m62gf8khwpt
wmcyks3k0q,Louis,iikyc0tgzu@mail.com,bslc6a9ws54bf6s8d
r52kpa5dv2,Franklin,qmaa1g@mail.com,vnnd9bshuwfmu6pqru
3a8sxw9pd0,Freddie,hp5@columbia.edu,ym
u05yh2j998,Belinda,b2dv@yahoo.com,nilg
9hwsirqcwy,Mario,qivto2aa@mail.com,q2vy0uqcgbv42lpgeiq
1ah65r9toh,Gilbert,pr@mail.com,3shn0h3vk
2reu47p9fr,Spencer,ys5h@mail.com,ludgb5nv0p
bpp54v7lup,Barbara,o@columbia.edu,bq50qb5r175
5z068nt4ww,Janice,n0vjca9@mail.com,a
y81p27fb0k,Tina,hb6hjgc@gmail.com,hfif
m8t5lrlmbv,Raymond,43x@columbia.edu,men4kh26bahnfzbjx
spchuonqzw,Jean,8dw0wi@yahoo.com,b84i1p7r
jd844dzj81,Rodney,6vr2j@yahoo.com,vvnrwfcz68
43me4hq3p1,Miranda,vm2f@columbia.edu,4j4s
f2i6q6imec,Anja,lzqjcx@yahoo.com,q
4uknedmb5w,Cheri,3maolay@gmail.com,9w
1ex1a00wuv,Joan,3ira4t9@yahoo.com,gtfm
qpusng7824,Delores,p2@cs.columbia.edu,sz4bbcpxvpj34a9rdb
t9if190vzm,Kathryn,ilkqru@outlook.com,lgv3mi348p
seduuobl4u,Brenda,sgs@columbia.edu,7a5k5
2pkplzbip3,Maude,cf75bxgrzx@mail.com,kgjsrbxv59v6lo3mxbe
hey9o5fz5o,Eddie,9u@columbia.edu,dawxdqiqgrquy2j
voj7tdmr0q,Marianne,d4a@mail.com,032f
zo2c63ut26,Doug,qw6mo7@mail.com,mnj
iji6ny717t,Maddie,0wgbbhdqw7@mail.com,qgeotq7dz7ig
tdhoid2evh,Marlene,0e@cs.columbia.edu,yq1g79xwuxy9nj1353
56vdlij7d9,Patrice,bl@columbia.edu,c2xc
arrydkyrfq,Melinda,6kxh55g@mail.com,wqh
kktp6cz8hx,Vernon,ctlkjao@gmail.com,ef347gfy1ljmy9na33
ywyfm8dufg,Laurie,9u@mail.com,a4zsp4kox9l
fu98vy03xb,Terri,n3c@gmail.com,xurz
um3jfm8n3o,Jennifer,3fpvr7@columbia.edu,bledp
w305rlt425,Victor,rh1w41@mail.com,9g0rlzdbq6vlt3wv980
zfljph97tp,Joshua,s@gmail.com,5
8gjzto4xzt,Lisa,pthexz7@columbia.edu,osya3uigby7i
saxt3lhr7j,Frank,vd86j@outlook.com,m30mxusz9p1udilgz4
pa0e5tlf3w,Gina,fz@yahoo.com,cxfkfs92a7gkantgu
kwpczyghy7,Heidi,wo1@yahoo.com,r6cbiyn2justcbeo6g1d
vgvrv3b9qv,Heather,5hv8er@gmail.com,dclen5kkgi9gbstnm
hiufh0ekk6,Yolanda,p0zrhu3x29p@mail.com,1
q3xzqp4aru,Jeffry,j0ume2504dr@mail.com,nactkti7j946wn6bi4
a9apc19evy,Chris,01@yahoo.com,nbj82prbvwt7pv5lf
8ct6n3299i,Juan,lh021ehtie@yahoo.com,skcqi2m
pe17ava8ru,Jeff,e8n@yahoo.com,1jcsa2f1
6b0loucxg8,Monica,e@outlook.com,av349q
lcixewm6tl,Sandra,5jq3s@mail.com,0l0zmff8lbyqpu4
kauvnb9099,Emily,fad6@yahoo.com,8thplze
snhg06bl4r,Betty,nlh6axor@mail.com,lrcykj0x4e1mlsy482lv
y3xa982v9w,Clarence,vizlc3rpy@mail.com,7k8tk3p
fwm8m4ydbe,Essie,kga@gmail.com,pr0krsqqn
c65gbw6h2c,Kristin,tk5jamon@outlook.com,w9bgm
cu9ysa13eh,Stephen,5pelh14y4@yahoo.com,0sqd
mosu2r2h0s,Deon,7qns@gmail.com,dcve
7phvypzdaa,Gregoria,4up@mail.com,obpfblu8j6l5
kx7pwjfxvi,Kimberly,p2@gmail.com,7w
xc8i6ra4up,Molly,x8@columbia.edu,anh
g30nn28ud9,Jaime,cb@outlook.com,v57sdr2xn35cf6lafe6
n9lubgpfvz,Sara,kgj1rhg@yahoo.com,46gb1jlpz2oizsui
3p7l9me8kd,Jan,19@gmail.com,mabpd1yombihxpzs7
ebbhbz887a,Marie,o@yahoo.com,jkx93lc05s8lrlu
7w5gnttm26,Clayton,k@columbia.edu,e585ffrit8hdrekp4
piwbv2o5p6,Carol,aab9pdp@outlook.com,3mnxty2aa6
ozak8dktie,Ferne,b@outlook.com,21zurksr7ns9m
5rhhoocgud,Sydney,mlztwc66@gmail.com,3
kiiz700liu,Latisha,nkh@columbia.edu,008uz5
4ogau2kzym,Max,kr6x@columbia.edu,nsdqw
wskg2hnlrg,Kim,qi@columbia.edu,ws4y
qyoymbpggx,Patricia,g@mail.com,jrln169esrrma6e
zz85idbd1l,Ana,7ayla7i2s@mail.com,uh4834rqw
qdww5t6rp4,Winfred,3l6@outlook.com,dwu
57x88q6iu9,Vivian,94edj4l0v@mail.com,vrxa
t4zq1fqxds,Gerardo,7@outlook.com,2b4x
eiqzi6s0el,Otis,8xd646lvx@mail.com,uzgav89kz5
ghqs8s76vb,Bridget,4v9plulkp@gmail.com,pj1
id37ol9yin,Elisha,ik9peru@outlook.com,qgdhpfer4xvp
fzxlo3nak8,Brandon,m@mail.com,lsj62m9oxc
w78ql0nvsf,Paul,64@cs.columbia.edu,ui41afi9vjn4exa2
y23myolcvh,Carrol,4@gmail.com,9tz4t8ozfvc047b76uhl
o5x0galk8z,Ron,4mqhfed@gmail.com,mymhhf8tzjgow8wy8
ybelydl25g,Stacey,sthoft6@yahoo.com,5
wpak0nwlw3,Mattie,3@mail.com,49succ9mr
ruvemavmdw,Eliseo,9ri@mail.com,0kf5r4i
10cf3cpj64,Raina,or8fs9@columbia.edu,b43qy1ldo
1nsdcvxiqk,Lewis,5j6ng23@gmail.com,o2s
v3e0hmgg7b,Homer,unj@outlook.com,7frnfud2tmo69wq3m
4g18usl6ir,Rosemarie,8qe@outlook.com,xpfodfcw3vmgx1b3k321
w1ikx1cpcm,Marco,m94n@gmail.com,eogkh2cexlqr19gzgxhu
x31slqc36c,Eunice,cvk09@yahoo.com,wxqlqgd
lhlxuwe2aj,Ian,50wzvl@mail.com,twmh
mhnbb8q81h,Lawanda,g0a@cs.columbia.edu,3khsm129ec912t8
oseyjtbg5e,Owen,f@cs.columbia.edu,rvmd
h3xz7ri4j6,Terry,w@gmail.com,1x68kmkqo
gmx47gnkqv,Barry,2hv@outlook.com,03u3zl8m7pkgg68b49a
0r28o7t5mj,Jonathan,afl@outlook.com,anwhc3mdjhk
fihsuhiroq,Sheryl,vo9hiv@gmail.com,45m4uge9hyj2hgp
2yn0dpljwk,Jami,j7yctg05@outlook.com,3tdr
f08swhb4pu,Leann,th4uj@yahoo.com,h068cfv1ksvl
gx170jrbrb,June,l9rubbu@outlook.com,dbo2i87ckx9n5ojfwc9f
2sq1qsmkvq,Angelica,6@outlook.com,kmxhlccmqgxfvkxg
nd59fieoek,Anita,gy0zwd@yahoo.com,ivu9qs6to8kip1zh9k
ev4cvgsz1h,Savannah,52ph7i4@gmail.com,pl633b9g0bbdcw0rnx
9s1mtboklq,Patsy,jeqafj5k@gmail.com,bo6fwziu07acr
dbalra58as,Bernard,a7b06k@outlook.com,5ea3fntpd2l
luiuojsme7,Jackie,hvq0@columbia.edu,r0jq178xbw
ytqbpxvfz5,Leonard,t77j@outlook.com,6u2s6so5rybu93
t4eth5dmgl,Valerie,ie@yahoo.com,owzzi5of714zoxs
k1ozwr09y3,Alton,1ok@cs.columbia.edu,c
prvzgstcis,Shoshana,bqtl7l3@mail.com,n1vzmtpprz0l
hy0wxfqqja,Royce,n@columbia.edu,lyz6lb4nn
fyo2srp68i,Carmella,ji@yahoo.com,2zvr995m1mlpzh
ewu5luxucm,Angelo,yu5m@gmail.com,cegbdfczr7zgvj87
nd8k7q80ni,Bobbie,guv6cos01@yahoo.com,8c4bfm0jpytp
4uwqttlzps,Kasey,ijjn@cs.columbia.edu,al
adezwrh8py,Randall,sovhtm7@columbia.edu,epkjung8
o0wjummvzo,Charlene,op@mail.com,x1aizugdcd3
ry9k9k65ni,Emma,i959ge2qw@mail.com,wrt1vfhpmylab
q04oyaqyo0,Dave,6pk04@mail.com,qsrz
qe1jb6gbpj,Peter,9q4hf2n1@outlook.com,r4z
qrtw3oohf2,Christi,cpw0cs@columbia.edu,er
3cpfl0r4wn,Jorge,kr@mail.com,arzbjdhpthpmkszt9
zlwiwjt55h,Jose,qgmyj07wmm3@mail.com,6l7a2txiot
ngovgtk5zi,Charlie,2pgk@mail.com,s
egf5kxtmji,Enid,941ql@gmail.com,9j
e8cnutnlm5,Paris,3cry0271yt0@mail.com,m
1oe6fdcypi,Elise,wrjvhk4svwm@mail.com,tea5nt
5x9g4laya5,Elizabeth,rj@outlook.com,a1ptu
d6nl6lcnew,Corrina,t@yahoo.com,ixmyf1hyh9li
j61lx1ywn5,Alison,p2ugxmi2@outlook.com,c3v5dz0
ildk2j519g,Dolores,498j@outlook.com,efsw8wwaleri7i04qn
tm2tjgb5ph,Robin,5dhy3t@mail.com,gmgqi3i35gvwbz9k7lip
1qqkooc8yt,Valentin,vf8x@gmail.com,vyy4cfp85g69
j4ac4fsoz3,Rodolfo,4vassxspy9@yahoo.com,52atr5x6k54rcf10lx
1rrr7adbqf,Joyce,bg@outlook.com,7553c231n7yzyrd
qfu6br1inr,Rachel,tduyq@mail.com,9glf69
zu5j4ocsdb,Lillie,n5x2yo@mail.com,n3enh9nv
g4bwbioyen,Kristine,7mnnv20gl@yahoo.com,gb6c
xf61mzfky4,Ronnie,8fke@columbia.edu,a3
8yq903qch3,Lucy,hrru5a4njy@yahoo.com,1t
odmx2juq41,Odis,1@mail.com,y9wk
pkjexjpw44,Melvin,v78@columbia.edu,z01jmw3kn49e
19aowzzp1r,Evelyn,e98v3@yahoo.com,qh2w9688ytb8014n
xgblho40k6,Pedro,08o@yahoo.com,3fe4x
qz64lz3iz3,Lloyd,hw9k6zvpt7@gmail.com,a6
vkifwcsa1w,Gerald,4m00b83@mail.com,gp0rvm6msqq9277xtl8g
9h1ur140ub,Connie,xzv37kufxj@yahoo.com,h2qnsg8esyb
15lds1o5yc,Bethany,hb7x@columbia.edu,z93ar7nkd4eoyx2zgx
fxo7dyzz7l,Bethel,cm0d73zwc7@gmail.com,rl35tntann4t7p4c5j
dnyhu57vss,Elisa,3t@columbia.edu,kt9eu4ge7zwl6
5c7wxglaaa,Wanda,m@outlook.com,uleddzv9vzkqvu0shqj
nnu66s1y5m,Erin,wq@mail.com,fa7ud9pn8s
n7gbzg8xoj,Claire,gd9m@gmail.com,k5e0ozro6n
to55t6gtl6,Abraham,dgfj806kp@mail.com,mx6wbz2dni
39xmts71v5,Lela,9nk@cs.columbia.edu,52ra34fk5i
yr3gpk12fd,Russell,r05rpj4@yahoo.com,o6hqannp4jic4rwn0
mmhhuxd5od,Roger,ykd8nq@yahoo.com,fx6e1wn96qpt3qrdla4
fy9ykobzg2,Mike,3s@outlook.com,6iv889ptgwgv5im4zz
yogwzb9eov,Shannon,izkg1@yahoo.com,ev1suq8
3aaw8fgcik,Iris,g@yahoo.com,tbwnez1vigzp
bfqahwxjqi,Naomi,t5egx80e@yahoo.com,rd8qfi0dm875g7qa4tqn
7040k8ngh6,Grace,1o64@outlook.com,85rfc2
20rsjjyg9n,Lowell,8@gmail.com,utb74kl5gg7t10tm
enq5bkke65,Lee,bzpilg6icw@yahoo.com,rgzbyug
v2zeufvutu,Lynn,lyg903@gmail.com,l
d1o4frxcgo,Tessa,8fwqvv@columbia.edu,e3abqv
fkc04lod5n,Mavis,qeazemjs@yahoo.com,urutpdq9dergo7rflv5
vrrz2g063l,Roy,ir2h4i5b@yahoo.com,u7cwjliag9xrltackw2
rcdg5rdzmx,Gertrude,ko2lue@outlook.com,lzuo3mf8coh
52oi9t66ll,Rex,cw8oiaiids@yahoo.com,w16xzxo3xtjdx5lam7
5g8ky2uefe,Davis,aqhv@yahoo.com,jwm
z0ghfdli1s,Lena,1tcsww@gmail.com,fx17wmjfnh44j4ouj872
tdz62zseml,Phillip,ycqv27e0s94@mail.com,wk2thbvrz7p4
opy8q5yn8g,Eleanor,2by31x@columbia.edu,hymsr22d5asj
3totldb00l,Clara,ev9mdwsf6pp@mail.com,u
csfrufch02,Rene,pqt7j757@outlook.com,bo2oimt13q3jsycviiez
agxz2lnl4b,Danny,1j72@gmail.com,mtvkcjuz7vmj6kay0nm
knzm93uzdr,Bradley,a2@gmail.com,ao
oh3ap55dc1,Lottie,iv4m2@mail.com,fiqsw9
eknmprbzaz,Cheryl,5lb7zll@outlook.com,6ont7brtxpfe0x3ed82
8vzjln04gj,Dustin,oyi8jic4r3@yahoo.com,ei448gk5m19l
hpfq2xcz1r,Ivan,p9lve4uhtm@yahoo.com,3dwy0p
fw3m7rr3ck,Jacqueline,xlrd1bbcay@mail.com,diruy45
o8gvoa8hok,Alisa,ap1@outlook.com,anw6cjtlag0
w8dqkcv6qo,Erick,jh82v@mail.com,yc0tu8
3sc7q25ae7,Harry,7ob@cs.columbia.edu,8bjcytweaj
k3j93xryp8,Chad,xa@outlook.com,59wrmx
wjx31wkzr1,Troy,dr5l@mail.com,njyllh4pxi
un3agzhqd6,Beverly,7@mail.com,d
3qhg9f4ik1,Sharon,rclq8lq@outlook.com,olel3v9
goq1a6dq7v,Samantha,ahbyotg@columbia.edu,x6cqvub7le84khurv
m65a2gr5mg,Candance,0spb1s@gmail.com,f9udgk7
cipoyxvd0u,Josephine,tz9nwl0@yahoo.com,v83bm
kf9wtlmh5b,Marvin,hpvb4c@yahoo.com,e65u3ji
gr9ooz9itf,Lester,7mfed@columbia.edu,hmnjcqf
8rmv0ksje9,Jasmine,qbpvjg@gmail.com,br8ovwk8wh
wdwp80cgn2,Delphine,5famfd2yzu@mail.com,uicc2
iods32joth,Norbert,u9f@mail.com,lkmaxzt
l3hfmzugkr,Angie,f@columbia.edu,g0c7t
4dxq1w5kib,Kurtis,gizayzkh@yahoo.com,hog
ntycvu9fuy,Jeffery,ukpi@outlook.com,th
xop838i6b6,Celia,24jyxts@mail.com,blpfx1gsiikm
arecl3srzx,Lincoln,egaih8g@columbia.edu,4m87hj9suoj1c4
ph4r7qw1uj,Liz,y@outlook.com,wzjq3ep
h7bkri4uao,Cathy,g@cs.columbia.edu,lhefmpr4zsjcxrw01
tr1e196prg,Wade,q@cs.columbia.edu,9tb8q2sqofqen
1f2wbibdr1,Georgia,m043oa4n@yahoo.com,okfc20u7e5uf8
el07hh4p9d,Manuela,3nj5@cs.columbia.edu,1
35mhmuxl6w,Gertude,o@cs.columbia.edu,51
gd62rc4ovo,Benjamin,jcl4@mail.com,5wfrx0dxbtxbvk2z1
e7mq82kd3u,Travis,4@columbia.edu,lphpnct9
iyzw954xac,Jenna,i729qvh@gmail.com,yo1
k4jgxibev2,Sherri,4bu@yahoo.com,x3n2lb4cxfk
8er1z8qd08,Jenny,s@cs.columbia.edu,5eo9w866j
g2edowsia2,Jillian,nd3@yahoo.com,q0h
l26uw2o289,Andrea,kc@yahoo.com,p09
yoednbj7bl,Christine,m4eg430ay@mail.com,vas60ijg
9bqutb5n7l,Wendy,wbah@yahoo.com,v7ec8hc
zkd62876am,Georgina,sz@yahoo.com,nj
oofoqb7hh7,Carlton,vt8sqjemk@yahoo.com,ovnllcqxk
kqrl9sbykp,Diana,j@cs.columbia.edu,knmm7j3pds
whrligz2dg,Earl,dxp@columbia.edu,w79ail4ksakjery
7q5s6y4mwk,Curt,a5q2pk1@columbia.edu,nmh
73x48wsfo4,Ulysses,uixb@yahoo.com,v
ohwnxlm6gp,Phyllis,l@mail.com,2xg3z148
7olpzseuat,Lynne,9aqy@gmail.com,qhwbj
ram2xz922y,Noemi,pz@cs.columbia.edu,ssn0vqz0sw7
z2ttmq5f3i,Yi,tqq5bmccs@mail.com,3mzgqz6
slyvo929fx,Marilyn,mmvr7xm@columbia.edu,4n7109nwce0yg
2rkymfi845,Hope,g4d1h@yahoo.com,t3to3l2uj
ie97wghbra,Clark,wdbag@outlook.com,5zji755ntr28o7be
7l4y567gwu,Rosalie,vgeuc@yahoo.com,52n9gruk8k
bs1mbjbvoy,Amber,yul@yahoo.com,75n9p9alesxrj0
zlrrc7wd6g,Elvin,z6j@outlook.com,eluvzq4chy
v2i2pd1rxa,Maranda,4hkj5h5fw@mail.com,8iw81w8r
0nywujx2eu,Marc,8t@outlook.com,2vb0hhsyot1tkt555z9
jduu15c98v,Jesse,zuyih41u@outlook.com,3b1
3u69dfha5u,Myrtle,56@mail.com,itkl5l0qozhxq4s3hez
nq273ryemt,Arlene,gzrbect@mail.com,qz3wua2mpglecjngg
sp329xrrwx,Ricky,0bms5n7@mail.com,vv0aa4x
h0zv4alliy,Brendan,qc@columbia.edu,bknuomufoa
rikye9y0cp,Tiffani,9n6y@yahoo.com,y8cbi5k2iwg0mt
knxv036bk4,Allie,21@columbia.edu,ya7okmwe5qxd9lau
687dheubd1,Nicole,2wjx22w@outlook.com,vw72l
347oad1bi5,Adell,dgoza3ho@yahoo.com,e7b8m6y9m0izn492cej9
8yso7x5r1v,Lura,18@gmail.com,g6zkic1
jdqhvvpfan,Kaitlyn,lckz8yimgy@mail.com,vgjiwm9t9xkbx2pif80
ok8szf3gpk,Brenton,q1kdr5c@outlook.com,20ba9c
mfvqtyru8w,Shantel,cxd@cs.columbia.edu,mrvwi
f6bt6nx7dy,Ralph,b4q@yahoo.com,lc2x
deyln96494,Rosario,0zdu@cs.columbia.edu,80lsta5tukv
bldbc0id2b,Olga,7y1u3@outlook.com,rd77em
zlpmivv00y,Christy,4iytpd6k@mail.com,mf6u11w2tuff57
gwe7rm4zmf,Anthony,tl@columbia.edu,egcnc0clwbg2ck9
b4xu7wau3u,Araceli,jt@yahoo.com,ejq74v8r
x2wu0g8gxq,Beulah,r4dzno5fe@mail.com,nmwp1h4jt1vfa0sgi3h
i7hkci7rso,Erika,1fb@columbia.edu,noo54f3q09y0oj
rpmww2pknn,Dahlia,ay64td1dqd@mail.com,liyirnrxpdb75vu
visy5fpw5l,Sophia,3b41@cs.columbia.edu,2k1g
bamjnsuwi1,Debbie,9ax@mail.com,45jy3yah6hrspivzfpna
iasqqqoabl,Megan,itbx3@mail.com,7ts1t
q88sy9h9ji,Cory,btf7grq1y@yahoo.com,36eq6e338el
tnz5o75h6c,Sean,xqw@outlook.com,yk25iz5io7k
ra2cent72s,Garland,vn@columbia.edu,gleqq5wmttjg1t55
cwnk3vthsi,Rocio,00t@gmail.com,zdf
19l2ylo00w,Michelle,giit@mail.com,cyhgy3qq1qjmpegx3ed
vebeu1fidc,Christie,e8vtr9z@mail.com,3mqo
1pjaqo32nc,Wesley,sqdsqjcsbs6@mail.com,0h0nxmte7kxlzg8
t4o7bpaz3c,Estella,ij3to@mail.com,4wmmoiwaxcnqsaku36ki
z39m8088tc,Eric,o9@columbia.edu,gw0pvfl6
idj1f7db50,Frederic,ppmiodl@gmail.com,1z
w5zkhg74bk,Wilma,l6k0fg6@outlook.com,glcoq8
gqec6aj6hv,Walter,tyd9@gmail.com,kt
orcsk0nlhu,Kent,pf8rzf@gmail.com,6bby6sr42k2y97ictlo2
628a3fn7t4,Stanley,cah24n3@outlook.com,tfgms
ilaetbxo6v,Danielle,0s38v8@yahoo.com,7da
rexp7sjtrc,Cameron,zhdjqa@mail.com,8tf68
qccx600dmb,Mitch,4@mail.com,f8qk2uyhrgjq
26xummccy2,Lorraine,7jv@yahoo.com,83m94dtb628jeegh
jfug1y14lv,Myrna,j3z@yahoo.com,0x7
cjbhhd0o72,Margie,h4mi@columbia.edu,jkdeom3laqn5xuydr
825on83dbj,Catrina,10@outlook.com,lcuo59pjoz4dca
q0dfv08qdd,Latoya,pa@cs.columbia.edu,rughvpne8bsorbgz
ue2kw4qvc2,Alberto,44rmhrra@mail.com,jandpi
tiq1ahhtxw,Stacy,0stzy1i@mail.com,4gaywby82f6enn
sp10iyo75c,Birgit,r4q8rxcs9f@gmail.com,izq4tvz6qcphpbtpt5br
tm7hqirjyv,Harold,2kgf@yahoo.com,c51p09
9u1m1a0pxj,Chester,1ri@mail.com,o6ilx7c1q
j2j1zflua7,Winnie,k9xm5@outlook.com,ozpvo63yj6a3w9i
zekfvqx6qb,Nicholas,khq@gmail.com,771cv674
tixm0m48wa,Candy,te0h@cs.columbia.edu,3spxfwg430iwolzn
jfelwa65hc,Craig,wkh7yi@outlook.com,fkbkjn7rjqxjhh2to
q3i44bhe31,Vicki,0k301v@mail.com,84abigt0a56z4kho60g
0rjzw36zhl,Cassy,8u@yahoo.com,nvomo3bbby0my0dhf1w3
ulv6j9a90q,Darrick,wrjg6@mail.com,niwj6w6r7kgonc1b
ihdrgro80v,Bryan,wp8j@yahoo.com,oci8six0
fcftt9whbl,Marsha,rkre@outlook.com,h0stp67l8lab
rgoptornlx,Bobbye,sr1@yahoo.com,fd
ifslqbbtab,Jon,nbbt0@outlook.com,vleado343k1cg9
89w3fr3te9,Blanche,f@yahoo.com,15jt71qsdpdi
uonxuhwh73,Edith,y7ikp3vwq5@mail.com,zopouz
6ufidujls0,Hank,jd@yahoo.com,wb4
wa7okl6kr1,Delilah,5chdh1u55t4@mail.com,bz1y5a8y8zp5gr5kvbt
3c47pwb535,Renee,oq@gmail.com,vt41kds2iczqstyd3
xul5evwzbn,Kermit,s40qu@outlook.com,8xh98moiyy7z69qc
bez49ux9in,Conrad,z4x@cs.columbia.edu,yqn
4mmszdexal,Viola,pkgjm@gmail.com,8s3v5ypp7qrj
el6tjafof8,Scotty,xxwglmaq@yahoo.com,lerrb8sh0
rdh3nx47sf,Beatrice,jv3eh@mail.com,nklgtfvco
hgsa1ynuyy,Tonya,f4b@gmail.com,etefhugxi
7j0noxzftu,Pablo,i@gmail.com,x49eleolinx7e16jiis
w8m4pjsdwc,Darcie,4j8@gmail.com,lmsk
19ys5kvqyu,Janet,ljg5@mail.com,hp6rd8ssgm6g
mjjiw7e44g,Ida,5h@mail.com,8wx157ff9lz
iaho489hir,Alicia,cf22ry17@yahoo.com,s549n6tnxwc7vxdvrh5
9e7xxh9qaa,Jerald,uy3j7c7@mail.com,p8pyidmmm96
793zduw1np,Willard,9h@mail.com,3ql
9nck718xu1,Sebastian,6sek3q@gmail.com,ks2u95mvdbt7mn06
daxspbxnq9,Mildred,fhs3i@mail.com,4gnycpjoky
k3gdyf9iw0,Ronda,gy4c@yahoo.com,tf55a61a
kkvtu98svn,Jimmie,qa9t9dn@mail.com,wubi98dm73y
vrbpk2s7u7,Dean,mdlmyt7p@outlook.com,2tquuwr3g247znugypjx
vc6grh9ocd,Alfred,47zpiy81@yahoo.com,zqyovf5o8gsg6p3vn
t52xjkzizo,Leslie,yn@gmail.com,0se299j8f0b
djf4ubosim,Reyna,z159v@mail.com,h4m6i9um9ti5kb9
1ta6wyufv8,Samuel,9l@yahoo.com,s
5d3qus594b,Nora,wzq42nri@mail.com,k5ffrwksv15h0w12gp
vql3o59eli,Dennis,i7eh7@columbia.edu,p3bddm
7rfwnr6bsn,Roxie,8n7wou6@yahoo.com,vn3195qek8llj72g
s9y1mzm75z,Johnnie,we18@yahoo.com,c6zyx614
t2i6ythslb,Amanda,pvl7@cs.columbia.edu,wbx3tttv65j4r7n202a
prs6uts1gt,Jerome,9y@mail.com,vo10b8mzv96v
49q2ky3igm,Anderson,808cxh@yahoo.com,ig99caeewg8xj
3ngb6139cr,Bernadette,7ox47ef@gmail.com,7xtdvzbylfir9q
9pzucasz3d,Laurel,57m@yahoo.com,q2ljhzd443hs9fzrmq
f306f1m90u,Patrick,cyga@columbia.edu,h
kgd42zixzd,Ross,s28eu@outlook.com,kxarf
d48oeklglb,Jordan,zgd1m6@gmail.com,er
sxwoj658ez,Harlan,vzc@yahoo.com,v
kypbzofwbv,Nick,uwf5k2i@outlook.com,z
ilmnvv974o,Meagan,6x8@outlook.com,c
v6dvmoxe2v,Julissa,2wljr@columbia.edu,m5x4dm1cz6g5stnedgku
hqgmko1fg6,Ola,apvz6rd7@outlook.com,9dga
v40s3hpib8,Anneliese,xiqkm@gmail.com,mtn5lu0mpmiplgrsbl9
py6u3kntiv,Katrina,y2q0vpgz@yahoo.com,ufzazr
usmj5pjklu,Constance,17yvv7pt@gmail.com,48t3sznupbqce62
dsc2oobaw1,Antonia,z6go5aj@gmail.com,j3fkg73bji5wod
2yib1wv605,Martin,vcni7@mail.com,oub8gycdvq
ghkz0ofcz3,Sheila,gais@outlook.com,869egaj4f6pau
3qahen9ljw,Jayme,a7f@yahoo.com,4ja7h94mouekpkxdjb
ddhy2j8p7m,Andre,089wd@mail.com,39qkfnc1edlbtcvyn5pf
8fig6fale3,Agnes,8xbqjc0e@mail.com,6or2vd
hk81mb2f8w,Dwayne,7o@outlook.com,413p07e3bs3cwz02z
mpxwvxcsxk,Jolene,bs5wmiku3b@gmail.com,5k58z513phzlfxwfb
f3rmq6a42s,Toni,tcvrv@outlook.com,m1umrq5
pmmfg2fbft,Darren,wp@outlook.com,r9t
0viepulqqv,Velma,7nhl@gmail.com,fuzdlx
6vzzh4sv9x,Leon,j7kwl50@outlook.com,wowo3sjoaq98
4rgs5p9id1,Beth,0f@yahoo.com,iw4
tzl0qzywnr,Aimee,y@yahoo.com,6gqd6rvbqbalv
by1h27jq20,Odell,bl3i68@yahoo.com,6
vth6bku3jr,Helga,y@cs.columbia.edu,empi107jl
uwfiu26q70,Shelly,76eu@mail.com,8houfijcsmx
7wd5xlklsr,Shayne,o@outlook.com,m1ak70ivp3y8ckmepovf
klb1hdiskw,Janine,97mv@outlook.com,m9
9gc1f29w08,Ray,pm2nrxob@yahoo.com,k
0rnm3jgmz3,Andy,cvfn@columbia.edu,dk
c9z5vg4ln3,Susana,tky76@mail.com,mi1brk9qtcidhl7tgg
qn3q7n6dn9,Elbert,2dhw@columbia.edu,51mjotx
5idejnvkzb,Glenda,asswan4@outlook.com,cy17456dap
sluc38p8wu,Laverne,3n9dfcq8@yahoo.com,f
txi20l8lz3,Derek,4fd3n6@yahoo.com,kc0aa
29oxnpme8r,Adrian,wkvc9@gmail.com,49q
p1gyyouseg,Sue,tf2zbv@columbia.edu,m8v2lhiwzqgkmeje4tm
7bsabcgc6w,Warren,qusw4@mail.com,6hk2t
4m8javuc3q,Irvin,ao@outlook.com,tkm
fdxjloas24,Rocky,p5ufk@mail.com,a12q6r3lhaw44wnqi
0llevokdal,Jasper,d0di7h8hn7@mail.com,xikvqraj9tvn3lrkt
nq9mn6w2b2,Erica,2v03lbdddf@gmail.com,miw
74615y5txt,Evan,e1@columbia.edu,tbbb6q
3swiuf81xc,Maurice,2w@cs.columbia.edu,hd7flzvhx3gsokpt4h8k
2m5mwizlj6,Fred,qwnfab@outlook.com,cjvv6jlpmi8pchkxucj
i8zky31cw1,Bonnie,20@yahoo.com,hc3x7zttgawk5b4m6mlq
7ws1z1rfxd,Lorena,acvgznt228g@mail.com,4xtg8duckqtr8jc
xucebxvdis,Claudia,ul5jab4@mail.com,iqr3uw70qq7v2wby4b
6dooeuwhsa,Tom,4ba@cs.columbia.edu,ns64azcy
gtqaxbfqo6,Bennie,xpxw@mail.com,ql0m
pete0y4qny,Derick,7v@mail.com,wgrr2v25mf2moww
gtlrvr8i6l,Jarod,4648@yahoo.com,9zd
vcukul56lg,Carly,ai4ojv@columbia.edu,4hlxpva3cgn
vgt4z5c14o,Don,bw@gmail.com,pfnwqezvmhponzof9u
p1znxzjxd9,Antonette,2@mail.com,sem
hjut3ks6uo,Mabel,jq@yahoo.com,05rqr24gdb
as8d2wiwe8,Becky,7@gmail.com,5p
wb8ooky581,Cleo,8fwguyqdwa@mail.com,52jlewfsmw5tdqz
31gtaivovi,Daryl,kj@mail.com,9n6laa
cvt5v7c3r2,Garth,ka@cs.columbia.edu,o
4vdk3omcrx,Loni,0sm@cs.columbia.edu,3xt7hq9qlem1i
5kthfowqt9,Andree,p1p@outlook.com,kohgn
t89bt4hb7z,Aretha,i48@mail.com,a0kxae
kdq9uy409t,Julia,6ye1dda@yahoo.com,8ipb
ggva0fglfz,Florinda,sl4cnun@yahoo.com,jymmvnu1twmz6rtg19i
gv23inmycl,Cyril,74debdfq@gmail.com,iya1pny5f03bnr
u9cg8c1573,Oscar,e@yahoo.com,3nicd5i2ban2tao8i2zw
gfqojkjw2m,Gloria,wcd@columbia.edu,nm9tj1lpc0z4m
538kh6meu2,Clifford,iauz77z@mail.com,nf34glo5z2tw0
bhn5sku44s,Noah,yq4zu4@mail.com,3ncx07
fhupg3l6g1,Justa,r@mail.com,qq9vwez2hhbj5uy
1axlc8yite,Yvette,a4ek7@mail.com,d18aquj0p9gcjph2
sfo4o5ngwp,Reginald,km5@outlook.com,np8d9jyx54s1rfbg5du
2q1kk2sw4c,Marta,vc8curxhzj@gmail.com,a7oi538ivl6h2uos
w382xmxxta,Toya,5tr@gmail.com,wakvv3d9iosmrxhu7
6ucpesq8vq,Tanna,z58i4j@outlook.com,ak70215t5dl1o8hg9093
3kdpdzk060,Judith,4@cs.columbia.edu,yt2v9ffuklnwvwmrbxh
xqnj8uz4tc,Kylee,jvbwum@mail.com,3423k1dgb
9g5suspox6,Star,3e409a27d5@mail.com,pc
j3b74z60po,Sonia,3iapa0d@mail.com,mb
uknoi9qw9n,Amina,ku0o0z9ewv@yahoo.com,xo99eo9j5g31qc
41e674znhq,Crystal,i8y@mail.com,0qsi04i1duoy
789385assr,Albert,0ui@gmail.com,nmey00uqoqav
ylnre7bt4e,Stuart,p@gmail.com,rrfppgcysz6lg5d5bp
58dz2heqsi,Anne,pkl8m@yahoo.com,97fcq7xsnrnen
cpzr0jqeth,Sherlyn,vs@mail.com,dabcf2qbcfkdqner
rrxpdr79sn,Delcie,e@cs.columbia.edu,mjdp9o3snm6b
n5fpfha87x,Reba,em1@yahoo.com,lfhdlpv
fe10c5044i,Marcia,be@columbia.edu,x2vlf5vplq
omfieaf7me,Nilda,9y9be8zc@gmail.com,pwz60s96spw8epyd5htd
z3cbueb73z,Bill,o3qd0@yahoo.com,7fw9uxrk56dn7inia0
9985mpxd27,Lorene,5y2lpku@outlook.com,fqn3sjzg9fpuuer144f
xkat7kjln8,Roland,agibb69vc@mail.com,z
ds2el0hh5l,Maud,7ha9hvb3@outlook.com,vip4k4b
ojeep3t8mj,Suzanne,li@columbia.edu,8c3onya7
i1d609saoj,Adam,7sbyp6l4o@gmail.com,qkqc5
8sx6jjd0sh,Camille,zxonn@gmail.com,fyphijfz
6boolnpqd0,Ivette,t80xumg@gmail.com,ot8kmqanfwr7egyqgw3y
bwshuh0fgt,Earlene,94h5ni@columbia.edu,81qh1m
i3ggqfbn3z,Dion,sxvud263oe@gmail.com,jr8g0jg
l1gi7zgcq9,Peggy,22m@outlook.com,31o6n2swiwzvo
6utji8hje9,Herbert,t0cidze@yahoo.com,jle9vlqmbbmsfk5
iyppjude5y,Isabel,bwi@yahoo.com,s
49vjcnpuhk,Theresa,zu6z@columbia.edu,86bbzbuity06tgstfofi
viptkzfon2,Francisco,mhlpud@mail.com,jsi69pvnt1u
14btjei1vf,Orlando,k10h7qg@yahoo.com,9tmlvmmr8c2x
ostka4pfui,Betsy,tsoh5p@columbia.edu,u7ab0c6
eacs7eodq4,Cecilia,ha@mail.com,tcz96eli57
108c64faac,Shane,imggtrcrrwm@mail.com,yg0mgvee9hb8
i9b01hjmev,Pam,cz@columbia.edu,lbz
kavf2hbysd,Guillermo,xy0tk5@gmail.com,cqf
fridnhzmm3,Margeret,awd@mail.com,bqt4gb1
lfujz4gp4b,Leonardo,a5oakes@gmail.com,ixa9wbf7asvvsocts
8yse6xqsn4,Misty,0m1iyf37@yahoo.com,1po2w89epsj46lvbm2i
66x3luhkmp,Gerard,dq@yahoo.com,0
wl4u4wp50b,Veronica,l1uck@gmail.com,3mn
61mfe9c0ej,Graciela,sbgyo1lxv@gmail.com,1qrju
lg7ctbpvlh,Russel,ly@outlook.com,un2tjswd1xk7q9
ykdtpam2v1,Milford,i6@gmail.com,uhvf
3njlj83g9k,Clair,9hln@cs.columbia.edu,2fv2poawoyvwef0gt4hs
gm8ry42ly4,Irene,7wyl5r4@mail.com,vavc657cwp2h1
e39k0y5cvd,Helene,czr@cs.columbia.edu,f2ybu2eyu
abaukk6iq1,Alex,lp2@outlook.com,t5
a8jh0ax3yd,Efren,ko4on@outlook.com,rrk9exii
rp4indz9q3,Ervin,l4g@cs.columbia.edu,lwwrqfl1au3
6a1dyeridm,Marcy,0@mail.com,fy20t2uqz95et7u0
xlvrl449oc,Holly,d6du9vj3r@mail.com,8j12h
6k6r7tw4ll,Ashlee,8djfy8v7@yahoo.com,bx2
cq19sbz7qx,Joanne,k146lf5@columbia.edu,10zrkzi8lc3
uhqbrittwu,Staci,zgf6k@outlook.com,vcgzvzgyd634kjh
btg7dt4ubc,Devin,ee5q9sq@outlook.com,yspj0
q3skbcoihb,Sandy,y4@columbia.edu,ofkw4euuoa0
f3f5bqenuo,Santos,mac4dd0b17@yahoo.com,1bem0o3db1
anwo3un063,Bette,q@gmail.com,gekyl
5h1b2x8vck,Ali,vszy@columbia.edu,st27zlrhpa0g80t0plo
w9s51ehi85,Henriette,xnk3vp@yahoo.com,cendloopzm
th1ap3lcr3,Victoria,yfdacsr46q@yahoo.com,j0
ka44vyojg0,Teena,uszz@yahoo.com,o6t132nno4v34n
m7eat86gfe,Jim,5so0vk9o@gmail.com,0zfcod2ywbkfb942fg
oeeeokbgcc,Marcelino,rl9eb@gmail.com,bipg4znxk4xxo
1ukk8sj7wf,Carl,9pk@mail.com,jfpzvg38un3yadtt9
bcrkm12ris,Sergio,3ebkw7d@gmail.com,4a1
dkq7uwsxnt,Filomena,mac8b@yahoo.com,mxugiiebhcjyw
jdvpa9oc5u,Imelda,klpfc99@yahoo.com,d8dw
b76s1g3tvr,Mozelle,47@gmail.com,pnmzpdv
wbhbp480vs,Mitchell,tb60@columbia.edu,m6ulxvpn26pwx3457c9
ouyt5wdv0j,Norris,yc@gmail.com,0k5u1zcn4z05p5i2jyhm
8mshal083w,Ginger,as@gmail.com,ciektekl4pldmi92eln
iz3nc0oqpx,Otto,ju@gmail.com,d8va9jqk4v9upm1er
s0bsr0y8yu,Raquel,m3@outlook.com,c2
h888rs4uuv,Vickie,h@gmail.com,nggpj7alv7k2xe3jfbhz
fpibm5mhss,Elsa,pwdl3vkiyq5@mail.com,m3s9enrjty6
xjyqe0qmpx,Raven,p@cs.columbia.edu,qy7xpupxs152e
iwolns7uit,Jane,ud109@columbia.edu,t
9engczhcbb,Maryam,mluivzne0k2@mail.com,6zn8440ohx
jopmeq0qal,Francine,0@gmail.com,e51wuf6xulfifsa
1dwvu23ci8,Lanette,qmvw@cs.columbia.edu,czdlb1xjo5p94
r2kkanqzny,Felisa,6m8l3mh@outlook.com,bv
5q8gome7dc,Meghan,ls6z58vvwn@mail.com,5s5pgcr8scyn
g7qgso7atq,Danelle,qmisyqyx@outlook.com,kdcr1w4ph8oldd3
tsth0gysra,Janett,ouuf@outlook.com,zkn83ipq3oyqo75a
0xcvzbxjlv,Casey,g3@cs.columbia.edu,wdadcyq28jf9r4m4
kcjujsrp89,Tyson,a891gty8j@gmail.com,3tsxm110yl
kbw2j3vck4,Kaci,6wu@columbia.edu,z2t61
nij9llgeao,Alba,o6wi@columbia.edu,ez
nin7rny69n,Juanita,8q12w@outlook.com,lcyl8ireyz9r7zu76
36qxtkxbqb,Sadie,a3tb@gmail.com,1puc7c3c5gon7as
195vebkf19,Alejandro,9v30wm75@gmail.com,06v7
asah81sip4,Sam,dpvenx@mail.com,nb4ilsp4umxe8ue6y8
ghpfgx96ey,Edgar,sc0@mail.com,zx0mpa
pt0zvxh3i0,Courtney,9kg2j@gmail.com,c0uqcuzrykatjc
910496k6sv,Charlotte,d@yahoo.com,qxpapzxj454ycf7
vhgedn4gco,Gordon,nkxhpnm4@gmail.com,ydbpnfszxqhes3q
dfx4pf5fxw,Florencio,vffxvax@outlook.com,li5htpi06x4sgt
81lt8uppun,Dianna,asflu73@yahoo.com,m4dm928zp80
6k1ygy58dt,Eva,dy49@yahoo.com,omvdfb4odo5
eyyhgfcrhp,Theodore,ern5dn5qejk@mail.com,bn17
7m61quoolc,Allison,alyi2o3hoj@mail.com,mihdpu607w04412fea3
0htq64ge18,Georgianna,ygkxne@outlook.com,salksyclavnllm
ppe7sntci9,Theron,kdcf@outlook.com,ka20931le4yalb
n6eynkud39,Deanna,wg@outlook.com,3gygahil23ki
8mo1z2wuhp,Carmen,zuh@gmail.com,glzlhsi4
nm8o9mmq6k,Siu,f4gr81@outlook.com,hlvgythko33c99en4
bisjkw76q8,Alberta,t0nvg05u9@yahoo.com,2g5c8tuafpotvy9iw53
8y9euyzpmn,Miguel,u99egd6h07n@mail.com,njudi8o9g8kw42w2yk5b
4xohp5l1ow,Violet,l0@columbia.edu,z8ifyj9v338x2orm38h8
jg7664fvwq,Santiago,swyi@yahoo.com,2si
wgz1tb9jwt,Edna,aqnyl@outlook.com,5xlusn2mj6
l5p0gq6al4,Paula,h5d@cs.columbia.edu,pca5bs229zg
ab6bj38xnf,Gayle,450@gmail.com,538jxadgozi0bt
t9kwtqvr9s,Klara,l@gmail.com,lg7pehjy5hnpbbsjmw
kefcyhnlbn,Darwin,uj@mail.com,9vtvycu5l
3d9gn1zaor,Nguyet,h21843f4q@yahoo.com,c58oswocahzlyjbr
zcwc4omusm,Stephania,nvvza@outlook.com,5g2h204ann
17ksxa4xj9,Zachary,qsmq@mail.com,7jagqizumx7jh
wotap0h16b,Lawrence,4iz@outlook.com,hk
noztufx0bh,Eddy,u7h@mail.com,4a7vvjew7h9unoq6zw
zrlv37c1w7,Kitty,6wq8pvrx@mail.com,f5dlq98ult6x2pncy
mzwjk9g6oq,Mora,s81amxb@yahoo.com,yr2b8mz3hll2e55
t75tledoby,Silvia,chb7@cs.columbia.edu,7h4dnr0smk34u2w5
kpwae9a5zf,Rod,rn2hj1a3bgs@mail.com,yns
fu6e6nsh3k,Lynette,swvh@yahoo.com,beak
j1id6b8pn4,Saundra,2xweumr@columbia.edu,r
b9947kbbbs,Jefferson,85tbxhtax@yahoo.com,jm
u6ws8hjtet,Kevin,rxwh@outlook.com,ac85k4488hzgf18h9
9sdizcpgt5,Augusta,oceytb@gmail.com,dyr8t4b
7rt2aaqtmi,Justin,ly4lr@yahoo.com,1o2cvn1a9
r84m3r4u7z,Gretchen,61hiw9p@mail.com,n7
udilxedfve,Michaela,dc65@columbia.edu,46a8h3is
4935r6hqp7,Patrica,u9xl5@mail.com,96e4iy7o7dwelzbh7kk5
m8n2ijch12,Brigette,xzae@mail.com,q8n8ia71oa5a
7mrywrmt2e,Vance,vt@columbia.edu,44xxtx1qrh
vrxrn8xma3,Roderick,3gn7d7rt@outlook.com,ro
62j5wonoww,Rogelio,texee@columbia.edu,p4b6bp9ehbabv2ot
ct20q9wu8k,Manuel,yt6f5@gmail.com,6
sf44jljo0t,Joanna,wk@outlook.com,qtda
n4sunfbe58,Kelvin,mbd@columbia.edu,sufiag
35zn0s1vck,Ernestina,es6nil@gmail.com,138n08frr
3crg2b9ks8,Tamara,d@outlook.com,twiiyl1vr2
nigt9m5cmb,Irma,q0loge@mail.com,t2nv6uqql0u
jzgqyzi021,Roosevelt,3h2f1bm@columbia.edu,vssahm7
0fi41k5m16,Jodi,ad9p@outlook.com,s0h7
d5vwypga86,Arthur,tq0ztgg70@mail.com,dukr8y9leoy6kxogoc
3ikan0yfy6,Cliff,6987uh59@gmail.com,g9er14g
x8g97w15a5,Marguerite,w4317a@mail.com,l6x6
hzxmk1bowi,Agustin,i@cs.columbia.edu,svgshq
u8ypvbc7ak,Kerri,337t@yahoo.com,dbhj1vsvveulo7
ly0ti6vbhr,Gena,iqry6ui4@outlook.com,b907lank2bfgg
qv7199smfe,Hilda,3kmid7lq@outlook.com,yxtrnv3n5pvshmsc9y4j
wov6f5this,Tabitha,l34cxn@outlook.com,64anlqqiwmdozor5
ulngyfnd28,Angel,bqv@cs.columbia.edu,we76yx3shvzk
cwh9n5s7mf,Emanuel,ss2p5t@yahoo.com,munmdc5yzqzqf86r
covwjv53yv,Natasha,6kjrkq@mail.com,rkin9nbxignot
fs4llju7rg,Nola,5u@yahoo.com,vqa91hhdz
vk7ewlxhk2,Marion,82@gmail.com,nmuvm4av033izmjuu0uw
2wpgfo328s,Karla,97ek@yahoo.com,ejyhs
ywik7erymp,Lydia,1v@gmail.com,kr3my5acru
b8384t82s3,Harriet,isilqnau4f@mail.com,76
kqyeucz6c8,Sheridan,7yzv@cs.columbia.edu,9
8fkea4ewfe,Emilio,cr5waumoso@gmail.com,vvl9a0b92eagetld5
jbxnjp0uo6,Addie,4dan@mail.com,vs0xzxfoz
7p41nou5i8,Calvin,sc0pjc9ps9b@mail.com,zrys7dd
w18lvfi40i,Daisy,m778@yahoo.com,ffya5gbwjrlzoyr
9d9e0nfbll,Salena,6c2@outlook.com,zguvb7b7ivk8
cicbo7mo4e,Precious,e4alys@gmail.com,1wwnz2926wtiiz76rqj
xmlzba1pdr,Jay,44iptwta0@mail.com,e1tj4
bm5kgtsp3o,Rhonda,2@cs.columbia.edu,9d1uj
l9334aevv6,Monique,28z5ku5n@mail.com,f0xk4lwqdmdf1v
t3oy2vg02f,Damien,g722nosl@mail.com,p
q6u2ikp99q,Felix,nek@mail.com,mv262gw56e9kj6qjgvrg
5a02oklpo7,Minnie,bhh8aj@yahoo.com,o3tex2bs52x3qbn
hwvf4nt793,Darnell,jm3s@outlook.com,gw0jofs8jqvnx
xyx31a32j2,Floyd,yrjplrsy@outlook.com,7d
ro0jh02jrx,Madge,78@cs.columbia.edu,ejflbf28jqoyye7dxx
98e4ui8jnc,Lula,ufhw@yahoo.com,ezmpw7
bdgx8ha0wb,Elva,vep73@outlook.com,rsr
1fdne2keqx,Shauna,hzt5@mail.com,dwoei2o34djntvtme6
kl3c2rngds,Jeannine,4k@columbia.edu,9exfwjxj7jecdfvx
1z9yugueao,Oliver,l@columbia.edu,bmjf
s8x3yx5coc,Jeanette,gp@outlook.com,5pxnkrq5zru3miw3q4
xy5zghykdo,Colleen,ky@outlook.com,itxgxex8kappvh5n
wzfzf4debu,Son,bh16e@gmail.com,dg5udt3ibb4yr
ncxeaok27e,Stephan,s89@mail.com,13kdtfq44esb
jvt053bfu6,Tawana,xf@outlook.com,q32yr8bag1q4gchdcti
jf4t5i947g,Lidia,yo9sm78t@yahoo.com,ol5etifq94owg
c6wuyx5xtm,Mae,3ylz64@columbia.edu,4zt
zr1yabrc7m,Danae,i3xkrwn3tq@gmail.com,n7hmk3kmk
dp33744dfl,Tyler,jgnlrl@outlook.com,juc81
ohzvdph4pp,Kendra,c6w78l@gmail.com,z1du
59xif9z6yt,Kay,o3i3mbs2r@yahoo.com,77f1ehjyu
9d9ghj1dnd,Quyen,l@outlook.com,wc07kf4f6w9clem
15fw63622d,Deloris,o308yg@outlook.com,qogal7bby2ccmpr
5jlc945gbb,Bridgette,ha9txt08@gmail.com,bt8q
5bi7d42nk1,Johnny,ac7t@cs.columbia.edu,hco
2yl4aufuzr,Winston,zho27jin7@gmail.com,5eue03rwcygowhvkh9
hgcvor5gjq,Lauren,5qr51p@mail.com,ecadkxlwszzrsg471mha
p9ucnlyfx4,Lucille,c@cs.columbia.edu,bsb3l65vq
2prbyhweyv,Susanne,hev@mail.com,25wiyle5ame
jioaxlotsi,Elvira,8e@yahoo.com,fzmsflwg2txw7pupuby
jlrr5ofwfg,Adele,fx1c@gmail.com,k8sxzxblbqkottaup
t8j9wc9r4c,Angeline,cmc@outlook.com,fvw9o
dlxylc0ysd,Annette,b@gmail.com,vh0k0apdk0s2wfev9cs9
5xtefzgla3,Carlo,u9ug1e@outlook.com,mm7r3x7o40cglyg2
fgpcmhjifx,Launa,9fb1@columbia.edu,goy6sctf8vuzyc7c
4m9irk670a,Mercy,qkrmk@outlook.com,brpqb34szobexsm
gxg650hpk5,Shanae,630@columbia.edu,9pxfnkk9tbj3p49yma
6tjb56zorf,Allen,z@gmail.com,w3liaachxl1ttrtb1
zsrgon8qnh,Verlie,3@outlook.com,bd012omxc8xj3zigvb
obmm04wjuk,Raphael,acb4hr03@yahoo.com,r3fn01004xi26pkgi
fqtakbabkq,Monte,pm6@cs.columbia.edu,35c6eqt
hgx6xfucfx,Arnold,h261s@mail.com,7av3y4
xvu5tfsxc7,Sheri,q@columbia.edu,p963cjkawr8sk12l1qsy
fexw0vi18k,Allan,qbo@yahoo.com,hc78
arwv19n5lb,Lorie,t8vro6p1@outlook.com,x67ul0mptmpc
ku0pi5n3v6,Hyman,luh4qg@mail.com,a0tx2avag43s1eo9dpj9
p2zwqxr5f3,Miriam,wuctgobbsp@yahoo.com,0ix6gv6uuv3ipu584931
ogtzgdc7s1,Joann,f9@gmail.com,rj
lmp5iavqfh,Cedric,ihapw7l@mail.com,wt
f3k6cd5dwh,Garrett,u4wt@cs.columbia.edu,mx1lkoyq4etv7d
h35im6k2a2,Berry,rtoxc2qt@mail.com,koiq6d2z7f489cx
wf8qas7pkk,Nellie,wapl40a4kq7@mail.com,8l84ag3rmzl2v089
a6pm4q1fx4,Ricardo,iq@mail.com,l7f6
h4aod2pgez,Eduardo,j1jpncmc0@yahoo.com,zef96jm4yzzo7
yrx1bo4338,Callie,ht3lxg@outlook.com,z0kq2wov9e1ajg9
yiya6c7c8k,Alexa,iw5jw@mail.com,zhu36qb3rof5cd5hp3
rnihz44bnc,Reggie,8ck@cs.columbia.edu,own9bsc0oz
99z5k15864,Maryann,3ra157f@mail.com,cryfznun
qvdej7zqzc,Elouise,zy2svmjq@outlook.com,1cg3jllbvbgrexau1g1
wal2vxom6b,Inez,mmqh7o8wt@mail.com,y87sa
4hujqhd549,Tommy,h6@yahoo.com,4qfxnt05ju7wrf0j
ku8aw5ze78,Ben,acit1@columbia.edu,9di1gp8um48u5a2c
m2ky3kkes0,Ada,aria65jwox@gmail.com,qxk4hrrv
v3ims5c81x,Pat,u5os2egyoh@yahoo.com,lnpf5wdnm0v1n
jv46sdp1h8,Harvey,2fa3@yahoo.com,8q980ks
dy57mtqxo6,Fidela,t6m5nwle@outlook.com,2qjetf5nglxsvb8ezwe
w7r02po1wx,Angelina,3yxv9@yahoo.com,7m4
ppy5nbus8k,Stephaine,fx9b4u844e@gmail.com,s72m
h30gvmya96,Alphonse,i0h@outlook.com,6d9cdd0tbhrzwsg
r0rdas9ub8,Madonna,yqe@mail.com,6nxcmenyry
wlgjajpy26,Ned,1lo@gmail.com,5wnfpabm
lyhe0edypo,Larae,ave@gmail.com,2uwwtskivk1v3avqb4
iqmuac176f,Archie,cqf@gmail.com,5hb4r326u
plxl3j5w8f,Nathaniel,3fve4o8s@mail.com,f8b50u0ot
erair5vfrx,Cesar,d1qio@gmail.com,o7pg6hmeywwtvjnbq1q
5wj2b7zdsc,Huey,lrcks5l@gmail.com,wbfwmj7zai58m62xyd6
v0f5hg5l8k,Sybil,ml@cs.columbia.edu,uykj09
0p434m4tmv,Sally,x5j3@yahoo.com,vrr3h4io
m2qwuz01p2,Bertha,bv@columbia.edu,fjtlfz2qub0dh1mx
jtwms353tb,Demetria,83bca@mail.com,10q
y6s4h3ebw8,Mirna,tyfox8v@gmail.com,bih0ei3lnmmqzshgixm3
7zpbswbqx1,Keith,c5@outlook.com,b2da66fwem
j2a6ki6y7o,Rafael,elz2@outlook.com,gec5hs9tbqnaj5
m332lmmw3a,Brett,6rz7t13zgp@mail.com,5gez6js2qxd99imdrbj8
ypipxuzq5t,Noreen,uk6eyno@columbia.edu,cjm2ogi94m9yqcvicjc
z859coozxf,Neil,b9mr@cs.columbia.edu,3ky4k0i4dud7qxdp
8bow72n40d,Caroline,13jivlyj3@gmail.com,1zar
t8tj6gsgpj,Elyse,komzjjc@mail.com,dvs339
xmcxm6r1b0,Trisha,oquhqea@mail.com,pyu9npk51x2tqy
74x594bq9c,Ira,yvtj4hwa@outlook.com,islegot4s4wwesaypq
r3dgcodd20,Rosanna,jyqol9ws@mail.com,6j916eqhhk85eh5cd
da0lezlz4k,Dalia,hxlif@outlook.com,dd5kd3ug4gdudvx5l
ruwapz3ble,Nanci,v9vxz54e@gmail.com,wvq
aggvq3dw70,Bong,3q34d@columbia.edu,1e0ncz9n7kpe6rcv4hdt
teyp29jkf1,Tammie,zk6x@outlook.com,e5ae9gcjzp
tnjk0vh6n3,Jermaine,re@outlook.com,9i48hl7f0m4rhfxj7ftm
231znlobbg,Darci,38c8cxo19q@gmail.com,xjioenkqebr
8lb9fr1fxm,Vanessa,9grsm9@outlook.com,lc3thg
j4qho03xqq,Clarine,4mkv@columbia.edu,w13dweeir55sye
ngg2lc6w33,Kara,ui@outlook.com,4u9ndhb7sirv39
rcislubes0,Mauro,mfwbp@yahoo.com,f0fbpjpwkpmcysgvgq
ubvecv7tiv,Mathew,zv3oytkvl@yahoo.com,lgk
a1z3gi3669,Chastity,aa@mail.com,9q79vb2gb9o031qv
phma19q1x3,Fay,utfbnfwvaj@gmail.com,d4
43aveknkan,Trevor,d6@gmail.com,0
4uxibc2qn7,Nichole,97esy0k@outlook.com,01r1xvybrxe9uiue4awk
bq74rcbj8b,Loretta,59ojz1ar8b0@mail.com,fxl8lif1f66
h4d7zl7ypw,Darrell,ibj0@columbia.edu,oqvi3yma8m3
jojh4h3qeq,Joy,lx6r@columbia.edu,a
bklqrgzt06,Stefan,234424xw@mail.com,0cpzn2zlqmyqfuq0s
qln7b6tia7,Francisca,plvtjp6t4y@mail.com,0o1j9u
x1mfe964da,Rita,9@gmail.com,k
4b3vw73g7v,Ernesto,8746u21@columbia.edu,r3qjss7x0m
9fr5vdow36,Tobias,po9xc4@outlook.com,hexs93zkjg3bdrj41
lm97j6ddul,Juana,zxb0xgw@mail.com,qk
wa32u7uowp,May,y95o@outlook.com,zs92ggiyl9vmv00xft6
j97r2c9twu,Avery,myn@mail.com,hu884bokqam6hl1
e7wla6wnt3,Jennie,yyw5@gmail.com,tgyqr
6k2gha8pwt,Gia,3o@mail.com,j30iqktcm
gllh8kysgp,Ken,s1@yahoo.com,mg5uuswwaart
oio93csm8m,Cora,8k@outlook.com,ej6ymev11
k6hdfevruu,Carrie,ng72o@outlook.com,h4s
5g74nzpfpo,Antwan,wgpsrlj@gmail.com,q36jy9mky
brewaa3q21,Danette,l373u0cd@gmail.com,ig
y5kc200uvm,Lorretta,hutfbb3xp@mail.com,jxmpgjn3w17cw85r
he06obafcj,Cherie,g26@yahoo.com,armdzbqmo5i5i7zj7
66jde2jooe,Margret,a3kjknn@columbia.edu,vhu4nal
1t2hjvudv2,Pearlie,smkvq@columbia.edu,ug
30szhlfltw,Taylor,5xc@cs.columbia.edu,zrrysrqcxh3kcy4xi
4ai8ktdf06,Carroll,p@columbia.edu,m3yyddw1z09bu7h
um2qix669j,Annamae,vzi5cv@columbia.edu,vzx3xv63b
6gas2hnzr2,Leah,bwee@outlook.com,w2m1xqqezv0kpg909gmm
ozpmio6wsk,Markus,gb244m@mail.com,567oa19lgw9s
1hk2r8pgpp,Neal,cka1al@mail.com,q92
5v8e22wh2w,Jess,2x@outlook.com,0uq
1wi3byzme5,Cody,d33i@outlook.com,mwpnaw49acjuqvs7d
y78urnyvq1,Maurine,rk5157l@outlook.com,k
ovgf2914n4,Emerson,xves9z8d@gmail.com,7vjqfp
50imte8yfa,Rigoberto,583siir@columbia.edu,04g4axg7p0gufiy
l07dopgbav,Nakisha,dmjtb@mail.com,lk1
7nk11wu40m,Macy,5d6m6@yahoo.com,8mmpt0dbsx2y3c35
n5pvdufm7d,Caterina,oyqoq@yahoo.com,fqewgnxxd6d3as8qz1x
7xjm0wqvjr,Myra,2qu@outlook.com,crp92dmjpropivs1tpt
jwlca4x7al,Edison,ir@outlook.com,njv7
tbq8dwywi6,Tanya,8q@outlook.com,m
xzy37fhp0x,Leona,xf45w@outlook.com,cjm2x3ewxb9gynld
08atjakbvk,Edmund,4yj@outlook.com,3hwna
g4ysz6gmzv,Rupert,wntzu7u@gmail.com,9h2bky23kql5
9rgt3m8q8y,Wendell,pypd@mail.com,5itpvofibcni5jdea3l2
7iemoycs16,Armando,euwo@cs.columbia.edu,qj5e5zmtzh
2187et43ep,Everett,152md@yahoo.com,48l
gmaal1wrpe,Winnifred,vjcy36a9p9@yahoo.com,yojtih
ec8vt1jlox,Clifton,61xl1ae@gmail.com,v8b7ft024klu1lvvphn4
kh3t9p07rb,Rick,i1@gmail.com,txbfnu
ii67xji96n,Lane,ws@gmail.com,ju1t4p
2pvm6yqtfc,Stacie,o4zzizm@columbia.edu,koz5c
2ocuuskl9r,Rowena,c5nuqcn6uk@yahoo.com,45u
17cz1hq6t5,Lavonia,udgao3bki@gmail.com,e3rkdwm4xopkysng
umfdykdhxm,Alexia,w4hxni@yahoo.com,j
51whmqqem3,Randolph,6q@mail.com,t3s8o17j83
7smuolpliz,Caitlin,r@columbia.edu,8auinmmnrss1nq64cf
wrery5om77,Vicky,wqplx@mail.com,xi1
mrvzrriuhu,Beatriz,96@mail.com,m8m4khxer5o4qwiw6wx
zdg6dk84gt,Sidney,us1@outlook.com,11h
d1thpjf5y7,Guy,0mfbtznwl2@gmail.com,27bwre0urz
ky2sh2vxzn,Jonah,y0x2@gmail.com,91zg5xay9
02c4li45yc,Nelly,g49lv55@columbia.edu,fqd220gscwp4w1tc
bhx5nseqo5,Obdulia,v6v3buafa@yahoo.com,gx1gpa
