j61lx1ywn5,lpbk9kf1g3
adezwrh8py,7r7pn0r25w
a8jh0ax3yd,3d9gn1zaor
9d9ghj1dnd,5rsfbqfgp8
vrrz2g063l,kypbzofwbv
wmcyks3k0q,3ikan0yfy6
q3xzqp4aru,3aaw8fgcik
jopmeq0qal,ilmnvv974o
xucebxvdis,m2qwuz01p2
3u69dfha5u,mjjiw7e44g
t4zq1fqxds,vth6bku3jr
pfo1usbe3r,um2qix669j
whrligz2dg,y23myolcvh
g30nn28ud9,zf9poy3pkw
dsc2oobaw1,v3ims5c81x
abaukk6iq1,gm8ry42ly4
ngovgtk5zi,he06obafcj
h888rs4uuv,6gxqbfri2r
cicbo7mo4e,vajafvv2mp
ka44vyojg0,jpuom2s460
0p434m4tmv,5wmfleb1hv
j61lx1ywn5,0reaos9be6
v2zeufvutu,ioq5tjrnfi
7ffu2yz849,lmp5iavqfh
z859coozxf,mosu2r2h0s
bamjnsuwi1,fzxlo3nak8
lgpw7cv9po,3ngb6139cr
347oad1bi5,fyo2srp68i
hwpkpee2xc,uhqbrittwu
umfdykdhxm,4uwqttlzps
mzwjk9g6oq,vajafvv2mp
xkat7kjln8,l07dopgbav
2prbyhweyv,1qqkooc8yt
35mhmuxl6w,qb7cmxfn7w
yrx1bo4338,qiiiow492w
kbw2j3vck4,dbalra58as
f3f5bqenuo,4hujqhd549
fu6e6nsh3k,fkc04lod5n
8yq903qch3,m65a2gr5mg
8yso7x5r1v,31gtaivovi
jv46sdp1h8,7r7pn0r25w
ppy5nbus8k,w64oxw1rwz
jf4t5i947g,xzy37fhp0x
h0zv4alliy,fgpcmhjifx
ewu5luxucm,wf2st5yro9
enq5bkke65,arrydkyrfq
v40s3hpib8,rwnymull5j
8sx6jjd0sh,3ngb6139cr
asah81sip4,57x88q6iu9
e1ns804yob,wa7okl6kr1
n6eynkud39,btg7dt4ubc
yogwzb9eov,rs2xikhhyz
oofoqb7hh7,3swiuf81xc
dbalra58as,02c4li45yc
m7eat86gfe,g30nn28ud9
efomnru8l8,dmc5akgk7n
pvqtytjh91,fwm8m4ydbe
f08swhb4pu,asah81sip4
l4oyam50zk,ojeep3t8mj
bhn5sku44s,kauvnb9099
cmyme6ns86,ph4r7qw1uj
ruvemavmdw,ozak8dktie
r40spkjcxx,spchuonqzw
ccjk4fib9i,f3rmq6a42s
bizjl6ein5,9brupbdcbo
q9uxc531x8,rnihz44bnc
zlrrc7wd6g,6a1dyeridm
0viepulqqv,w78ql0nvsf
39xmts71v5,508ibizhh6
q0dfv08qdd,3totldb00l
hgcvor5gjq,he06obafcj
a9apc19evy,5kthfowqt9
kpncd6e2p2,asah81sip4
k6hdfevruu,q9xahp3132
8er1z8qd08,prvzgstcis
iods32joth,j2a6ki6y7o
vopmmyh8qk,viptkzfon2
v8oet86pvt,krtzxppm0i
zg1o3cl7tl,sjda8e1x3d
ef7ceoicta,4uknedmb5w
k1ozwr09y3,arwv19n5lb
py6u3kntiv,0llevokdal
g2edowsia2,q3i44bhe31
jv46sdp1h8,tdz62zseml
tm2tjgb5ph,phma19q1x3
9fr5vdow36,bldbc0id2b
6vzzh4sv9x,v2zeufvutu
ebbhbz887a,lm97j6ddul
g30nn28ud9,347oad1bi5
8yq903qch3,ouyt5wdv0j
ef7ceoicta,wpak0nwlw3
ghkz0ofcz3,arecl3srzx
yw1xxvaacy,ulv6j9a90q
op09n0ea0z,kiiz700liu
ok8szf3gpk,20rsjjyg9n
plxl3j5w8f,kauvnb9099
oeeeokbgcc,cmyme6ns86
w9s51ehi85,zmbkd01v1y
gtqaxbfqo6,c65gbw6h2c
vajafvv2mp,789385assr
rnihz44bnc,l223of69lh
vajafvv2mp,fe10c5044i
m65a2gr5mg,nij9llgeao
3totldb00l,un3agzhqd6
39xmts71v5,kzfhm0qjr5
52oi9t66ll,kkvtu98svn
hpfq2xcz1r,vkifwcsa1w
d6nl6lcnew,t4eth5dmgl
81gqeoetw1,py6u3kntiv
hi8hxxrxde,3j29jcl6cu
gllh8kysgp,2rkymfi845
wf2st5yro9,bizjl6ein5
bdgx8ha0wb,e8cnutnlm5
j2j1zflua7,ra2cent72s
ykdtpam2v1,vrrz2g063l
el6tjafof8,py6u3kntiv
19ys5kvqyu,ozpmio6wsk
4xohp5l1ow,gm8ry42ly4
f306f1m90u,kp4zkgxk3g
cwnk3vthsi,lhwi7l92oo
r40spkjcxx,7ccl0k60kz
ulv6j9a90q,4g18usl6ir
j1id6b8pn4,l9334aevv6
bm5kgtsp3o,cmyme6ns86
fgpcmhjifx,50imte8yfa
7phvypzdaa,kavf2hbysd
mzwjk9g6oq,jbh1pcrqyh
c6wuyx5xtm,5wmfleb1hv
7wd5xlklsr,odmx2juq41
tzl0qzywnr,7ws1z1rfxd
luiuojsme7,bez49ux9in
mzwjk9g6oq,kzfhm0qjr5
3a8sxw9pd0,j2zl01lp3v
fxo7dyzz7l,5q8gome7dc
r84m3r4u7z,ngg2lc6w33
ouyt5wdv0j,wotap0h16b
saxt3lhr7j,by1h27jq20
t75tledoby,0llevokdal
xrgktak9z7,knzm93uzdr
tx89yssf2o,n4sunfbe58
m24moetid1,oeeeokbgcc
0tkfg3bski,s1s340nnan
u5b8mtvpky,opy8q5yn8g
m332lmmw3a,5wmfleb1hv
3crg2b9ks8,zmbkd01v1y
lhlxuwe2aj,slyvo929fx
62j5wonoww,j2j1zflua7
bhx5nseqo5,9bqutb5n7l
g4ysz6gmzv,dlxylc0ysd
m65a2gr5mg,gwe7rm4zmf
fcftt9whbl,pfgmct1qf6
atm6fpwolq,v2zeufvutu
tm7hqirjyv,7wmpjotjl9
xf61mzfky4,5d3qus594b
j1id6b8pn4,vgvrv3b9qv
5ftm6w1kp6,vrxrn8xma3
0rnm3jgmz3,gm8ry42ly4
ec8vt1jlox,prs6uts1gt
nij9llgeao,jf4t5i947g
2v705vr7t2,optq11rsib
1ex1a00wuv,i8zky31cw1
hqgmko1fg6,zz85idbd1l
ebbhbz887a,lz45mox4x8
z3cbueb73z,7l4y567gwu
un3agzhqd6,x9jkbzpgim
w382xmxxta,by1h27jq20
7ulj83mp0b,j4ac4fsoz3
59xif9z6yt,tdz62zseml
3d9gn1zaor,vcukul56lg
17cz1hq6t5,19l2ylo00w
b4jnvdf67q,1ta6wyufv8
2reu47p9fr,kauvnb9099
5wj2b7zdsc,dfx4pf5fxw
xvu5tfsxc7,plxl3j5w8f
5ftm6w1kp6,gv23inmycl
kauvnb9099,5kvmpiz4yd
vcukul56lg,tnjk0vh6n3
ydq24ux449,1hk2r8pgpp
fridnhzmm3,3c47pwb535
h4aod2pgez,y0cq65zt4w
j3b74z60po,visy5fpw5l
tbq8dwywi6,o7u9nni2yj
6tjb56zorf,xmcxm6r1b0
wdwp80cgn2,9s1mtboklq
h30gvmya96,l3sigliqsr
3crg2b9ks8,8sx6jjd0sh
5c7wxglaaa,ulngyfnd28
k1ozwr09y3,do6j3dxt3p
0xcvzbxjlv,gv23inmycl
t2i6ythslb,qiiiow492w
4vdk3omcrx,98e4ui8jnc
26xummccy2,goq1a6dq7v
sg1qrhw68e,pa0e5tlf3w
9rgt3m8q8y,qccx600dmb
7bsabcgc6w,dhjjyb01vp
kqrl9sbykp,vywum7t5md
l07dopgbav,vebeu1fidc
ioq5tjrnfi,5kthfowqt9
zekfvqx6qb,i9b01hjmev
3swiuf81xc,jkv0n8qwwq
iqmuac176f,w9s51ehi85
4m8javuc3q,5g8ky2uefe
5d3qus594b,6utji8hje9
c6wuyx5xtm,tm2tjgb5ph
ec8vt1jlox,kf9wtlmh5b
avt8ota0we,viptkzfon2
m7eat86gfe,74x594bq9c
bfqahwxjqi,l9334aevv6
k0x10snz00,u05yh2j998
tr1e196prg,2lw110xgf9
7iemoycs16,ky2sh2vxzn
dsc2oobaw1,bfqahwxjqi
h3xz7ri4j6,jzgqyzi021
mrvzrriuhu,gfqojkjw2m
xrgktak9z7,zgytdrojyl
g2edowsia2,kqrl9sbykp
krtzxppm0i,ie97wghbra
obmm04wjuk,kqrl9sbykp
enq5bkke65,xmcxm6r1b0
6k6r7tw4ll,q3skbcoihb
fv71t3diwl,t37dmq3ebm
zu5j4ocsdb,w7r02po1wx
ram2xz922y,0nywujx2eu
oseyjtbg5e,t9if190vzm
7iemoycs16,ildk2j519g
sluc38p8wu,pvqtytjh91
8gjzto4xzt,57x88q6iu9
j2j1zflua7,tsth0gysra
iyzw954xac,wvq0ybspnf
bfqahwxjqi,xc8i6ra4up
mfvqtyru8w,8jg5jz175u
ziq74mrtno,9ugwc3xs6i
kf9wtlmh5b,8j6yfp309u
aggvq3dw70,qm54q6zi5r
v2zeufvutu,tdz62zseml
4ogau2kzym,kpncd6e2p2
xmcxm6r1b0,usmj5pjklu
ka44vyojg0,h4aod2pgez
3swiuf81xc,ohzvdph4pp
xlvrl449oc,iaho489hir
w5zkhg74bk,jyc2h3udks
3d9gn1zaor,l9334aevv6
19l2ylo00w,rcdg5rdzmx
5h1b2x8vck,nq273ryemt
o8gvoa8hok,lpbk9kf1g3
7d4d0lbaql,iyzw954xac
s2hit8p6v0,m8n2ijch12
s8x3yx5coc,bfqahwxjqi
t0x8lfhizr,t7lr41n52y
v3e0hmgg7b,btg7dt4ubc
zcwc4omusm,ghqs8s76vb
el6tjafof8,gr9ooz9itf
8bow72n40d,tdz62zseml
fs4llju7rg,n5pvdufm7d
4ogau2kzym,ygh1foj9yn
rjgjwhbafr,x9jkbzpgim
tdhoid2evh,t4o7bpaz3c
nai75ty88e,wlgjajpy26
9gc1f29w08,dsc2oobaw1
i7hkci7rso,bhx5nseqo5
b4jnvdf67q,sluc38p8wu
xjyqe0qmpx,fexw0vi18k
ilaetbxo6v,ruvemavmdw
i7hkci7rso,rrxpdr79sn
zlrrc7wd6g,wf2st5yro9
7ffu2yz849,iji6ny717t
jfug1y14lv,4uknedmb5w
qvdej7zqzc,8ct6n3299i
f3f5bqenuo,um2qix669j
lyhe0edypo,eacs7eodq4
ypipxuzq5t,eknmprbzaz
tsth0gysra,r5m2m5eerp
30szhlfltw,cmyme6ns86
fi4je1r3d8,fwm8m4ydbe
oofoqb7hh7,wjx31wkzr1
6daf8aoibw,3ikan0yfy6
u8ypvbc7ak,ra2cent72s
cm2n7najp3,4hujqhd549
bez49ux9in,l223of69lh
7xjm0wqvjr,8mshal083w
xrgktak9z7,8yse6xqsn4
0reaos9be6,b2lwsq5a2k
yrx1bo4338,w1ikx1cpcm
ghkz0ofcz3,9ugwc3xs6i
x8g97w15a5,kypbzofwbv
35mhmuxl6w,7j0noxzftu
q6u2ikp99q,ngg2lc6w33
ifslqbbtab,t2i6ythslb
by1h27jq20,uonxuhwh73
udfmaf0rnh,dlxylc0ysd
oio93csm8m,kp4zkgxk3g
l07dopgbav,ihdrgro80v
5kthfowqt9,j2a6ki6y7o
fi4je1r3d8,qe1jb6gbpj
kavf2hbysd,egf5kxtmji
2ocuuskl9r,58ld3l74ib
rpmww2pknn,sjda8e1x3d
o5x0galk8z,31o7il47jb
z3cbueb73z,kcjujsrp89
rp4indz9q3,teyp29jkf1
z0ghfdli1s,jkv0n8qwwq
bpp54v7lup,9pzucasz3d
cwnk3vthsi,n6eynkud39
q3i44bhe31,rkl2ocfozz
tnz5o75h6c,jv46sdp1h8
ku0pi5n3v6,jbh1pcrqyh
eknmprbzaz,fs4llju7rg
udilxedfve,9brupbdcbo
zr1yabrc7m,ic7yz9bmvw
m65a2gr5mg,bhn5sku44s
asah81sip4,j2a6ki6y7o
sydncupv2o,ct20q9wu8k
gmaal1wrpe,lcixewm6tl
98e4ui8jnc,oio93csm8m
g7qgso7atq,srxc0ccmaj
n5fpfha87x,ohzvdph4pp
xlvrl449oc,whshejmo8c
u9hpmz0jep,m8t5lrlmbv
14btjei1vf,24nlwpf85n
zr1yabrc7m,wmcyks3k0q
wf2st5yro9,qccx600dmb
vajafvv2mp,ulv6j9a90q
g7qgso7atq,ypipxuzq5t
sluc38p8wu,1ta6wyufv8
e7wla6wnt3,xkat7kjln8
dmc5akgk7n,jopmeq0qal
hiufh0ekk6,gllh8kysgp
t89bt4hb7z,9h1ur140ub
btg7dt4ubc,3kdpdzk060
z39m8088tc,vc6grh9ocd
bamjnsuwi1,djf4ubosim
8t3wjlkqqs,x7ezbkifby
ybelydl25g,ok8szf3gpk
fyo2srp68i,zdg6dk84gt
u9cg8c1573,0htq64ge18
f3rmq6a42s,e1ns804yob
ghpfgx96ey,th1ap3lcr3
tm7hqirjyv,i8zky31cw1
hi8hxxrxde,ph4r7qw1uj
4m9irk670a,3qq9ykph7k
wl4u4wp50b,rgoptornlx
qvdej7zqzc,8gjzto4xzt
q04oyaqyo0,fu6e6nsh3k
6boolnpqd0,7xjm0wqvjr
n7gbzg8xoj,prvzgstcis
5g8ky2uefe,uonxuhwh73
sjda8e1x3d,8t3wjlkqqs
5d3qus594b,yvqwq27ct2
9h1ur140ub,99z5k15864
kpncd6e2p2,piwbv2o5p6
74x594bq9c,9rgt3m8q8y
eacs7eodq4,opy8q5yn8g
ehwbwwlaox,z95g49wvga
9hwsirqcwy,rdh3nx47sf
h4aod2pgez,v3e0hmgg7b
5rhhoocgud,ok8szf3gpk
arwv19n5lb,yl09cw1rsj
ngg2lc6w33,5ftm6w1kp6
2187et43ep,910496k6sv
oun4u4cv5w,6d3km5eiyg
nq9mn6w2b2,g7qgso7atq
saxt3lhr7j,ovgf2914n4
s8x3yx5coc,7wd5xlklsr
7l4y567gwu,h35im6k2a2
ne5if79zrn,hwpkpee2xc
lyhe0edypo,f0680hf3ul
k3j93xryp8,0xcvzbxjlv
9pzucasz3d,agxz2lnl4b
q3skbcoihb,9g475svfnc
dnyhu57vss,294lbwnt1e
vajafvv2mp,nij9llgeao
ilykm17clb,p1gyyouseg
x1mfe964da,gd62rc4ovo
l3hfmzugkr,fubcuhg04y
fwm8m4ydbe,3ngb6139cr
xf61mzfky4,kavf2hbysd
jbh1pcrqyh,zmbkd01v1y
vebeu1fidc,l3hfmzugkr
vgvrv3b9qv,as8d2wiwe8
2m5mwizlj6,4xohp5l1ow
ue2kw4qvc2,q9xahp3132
4nrew51vbc,ct20q9wu8k
cwnk3vthsi,17cz1hq6t5
7zpbswbqx1,231znlobbg
fps6ob0f7o,4vdk3omcrx
fw3m7rr3ck,8vzjln04gj
zcwc4omusm,bzsxzlxyh9
cpzr0jqeth,wa7okl6kr1
obmm04wjuk,d48oeklglb
tqkzbely0f,bfqahwxjqi
7rfwnr6bsn,ghkz0ofcz3
m2qwuz01p2,dsc2oobaw1
mhnbb8q81h,9engczhcbb
9r2olz4hrr,y81p27fb0k
vr5zat7s94,p2zwqxr5f3
19ys5kvqyu,6k1ygy58dt
fubcuhg04y,goq1a6dq7v
7xjm0wqvjr,0qaxic6n2r
4e7di3iqft,qn3q7n6dn9
yiya6c7c8k,olqx7hk5me
asah81sip4,xy5zghykdo
6utji8hje9,iqmuac176f
xmlzba1pdr,ntycvu9fuy
ro0jh02jrx,bciug9wmy5
tdhoid2evh,7l4y567gwu
wvq0ybspnf,ywik7erymp
knzm93uzdr,ry9k9k65ni
phma19q1x3,rjgjwhbafr
2prbyhweyv,nij9llgeao
bq74rcbj8b,h888rs4uuv
ywik7erymp,35mhmuxl6w
dy57mtqxo6,hi8hxxrxde
b2lwsq5a2k,j58c6uol3u
10cf3cpj64,b8384t82s3
gfqojkjw2m,hgcvor5gjq
ykdtpam2v1,i5wsvh0qkv
optq11rsib,v8oet86pvt
49q2ky3igm,plxl3j5w8f
9135q4nvrc,99z5k15864
uhqbrittwu,q3xzqp4aru
5kvmpiz4yd,ybu07m6wpc
eknmprbzaz,ffwfyz0mv5
17cz1hq6t5,4m8javuc3q
5idejnvkzb,3j29jcl6cu
btg7dt4ubc,frmk95e33s
8j6yfp309u,l4oyam50zk
kgd42zixzd,tbq8dwywi6
4dxq1w5kib,sydncupv2o
ggva0fglfz,wcp6zfe6et
2rkymfi845,daxspbxnq9
789385assr,mfvqtyru8w
zgytdrojyl,ilaetbxo6v
arrydkyrfq,2sq1qsmkvq
7m61quoolc,seduuobl4u
8t3wjlkqqs,628a3fn7t4
w5zkhg74bk,saxt3lhr7j
108c64faac,9d9ghj1dnd
4ai8ktdf06,0uanaa7gmh
py6u3kntiv,vhgedn4gco
qz64lz3iz3,2187et43ep
8yq903qch3,w78ql0nvsf
4m9irk670a,w1ikx1cpcm
h30gvmya96,fzxlo3nak8
n7gbzg8xoj,nq9mn6w2b2
kpncd6e2p2,iz3nc0oqpx
f306f1m90u,538kh6meu2
wa7okl6kr1,qe1jb6gbpj
2sq1qsmkvq,e7mq82kd3u
rnihz44bnc,wskg2hnlrg
cjbhhd0o72,w8dqkcv6qo
5kthfowqt9,ilaetbxo6v
4vdk3omcrx,lgpw7cv9po
3sc7q25ae7,k6hdfevruu
n5pvdufm7d,pe17ava8ru
gwe7rm4zmf,r40spkjcxx
fexw0vi18k,vth6bku3jr
2v705vr7t2,kzfhm0qjr5
w8dqkcv6qo,81lt8uppun
qz64lz3iz3,d1o4frxcgo
w5zkhg74bk,ehwbwwlaox
4935r6hqp7,l07dopgbav
hgsa1ynuyy,jojh4h3qeq
6d3km5eiyg,9427qd9afz
g4ysz6gmzv,lhwi7l92oo
1h9cx0phg9,l9334aevv6
asah81sip4,iji6ny717t
73x48wsfo4,22m4q4m2kn
q6u2ikp99q,kbw2j3vck4
bq74rcbj8b,cpzr0jqeth
vk3ym05mkz,8yse6xqsn4
q04oyaqyo0,bs1mbjbvoy
qe1jb6gbpj,8lb9fr1fxm
g4bwbioyen,ynwiihwkb1
ogtzgdc7s1,pe17ava8ru
x9jkbzpgim,obmm04wjuk
9bqutb5n7l,uwfiu26q70
jzgqyzi021,ds2el0hh5l
6ucpesq8vq,yl09cw1rsj
ajgc4bo6o3,v0f5hg5l8k
789385assr,ggva0fglfz
9r2olz4hrr,jbxnjp0uo6
jg7664fvwq,5ftm6w1kp6
deyln96494,tn53ls784x
prs6uts1gt,t89bt4hb7z
cjbhhd0o72,0uanaa7gmh
bldbc0id2b,yiya6c7c8k
kh3t9p07rb,qccx600dmb
caouedw1in,294lbwnt1e
iods32joth,udilxedfve
eyyhgfcrhp,h30gvmya96
1dwvu23ci8,35mhmuxl6w
rbhrcaqz7z,phma19q1x3
tn53ls784x,qn3q7n6dn9
bciug9wmy5,xocgw3mtsg
xocgw3mtsg,jpuom2s460
iyzw954xac,y23myolcvh
7ulj83mp0b,oofoqb7hh7
btg7dt4ubc,0r28o7t5mj
n7gbzg8xoj,h0zv4alliy
zdg6dk84gt,2lw110xgf9
lg7ctbpvlh,w9s51ehi85
tnz5o75h6c,ugi3w6ie3z
zo2c63ut26,9gc1f29w08
t37dmq3ebm,eiqzi6s0el
lfujz4gp4b,rikye9y0cp
ynwiihwkb1,9ugwc3xs6i
gfqojkjw2m,bldbc0id2b
xmlzba1pdr,frmk95e33s
vhgedn4gco,u05yh2j998
5bi7d42nk1,u6ws8hjtet
cpzr0jqeth,vgvrv3b9qv
p1gyyouseg,tm2tjgb5ph
wpak0nwlw3,qdww5t6rp4
kh3t9p07rb,ydq24ux449
iqmuac176f,zfljph97tp
jsmg13vykv,4dxq1w5kib
w1osl71fpl,hiufh0ekk6
txi20l8lz3,f306f1m90u
xbf35ap7dg,36qxtkxbqb
th1ap3lcr3,jdvpa9oc5u
687dheubd1,4mmszdexal
x2wu0g8gxq,o5x0galk8z
15lds1o5yc,jwxssu5z1k
k3j93xryp8,5wj2b7zdsc
agxz2lnl4b,0p434m4tmv
xyx31a32j2,xucebxvdis
w8m4pjsdwc,vrrz2g063l
bfqahwxjqi,r5m2m5eerp
kpwae9a5zf,op09n0ea0z
lg7ctbpvlh,1fdne2keqx
ic7yz9bmvw,6k1ygy58dt
wpak0nwlw3,eyyhgfcrhp
bcrkm12ris,rwnymull5j
29oxnpme8r,vhgedn4gco
kcjujsrp89,1ukk8sj7wf
gmaal1wrpe,t8j9wc9r4c
8bow72n40d,59xif9z6yt
v40s3hpib8,gr9ooz9itf
mfvqtyru8w,u3ejohjz38
tnjk0vh6n3,rikye9y0cp
vebeu1fidc,4rgs5p9id1
9985mpxd27,n4sunfbe58
ssqanoo3af,rjgjwhbafr
y6s4h3ebw8,axf3smv3z5
fe10c5044i,9g5suspox6
gv23inmycl,h30gvmya96
ue2kw4qvc2,seduuobl4u
15lds1o5yc,seduuobl4u
eacs7eodq4,tm2tjgb5ph
ilmnvv974o,09fq4ohsjx
39xmts71v5,x31slqc36c
51whmqqem3,8yse6xqsn4
4g18usl6ir,a8jh0ax3yd
r3dgcodd20,ydq24ux449
el6tjafof8,s9y1mzm75z
v3ims5c81x,vrbpk2s7u7
gr9ooz9itf,q3i44bhe31
538kh6meu2,djf4ubosim
kpwae9a5zf,ds2el0hh5l
bfqahwxjqi,sg1qrhw68e
e7wla6wnt3,sydncupv2o
gwe7rm4zmf,6ucpesq8vq
n5pvdufm7d,9gc1f29w08
508ibizhh6,ouyt5wdv0j
35mhmuxl6w,t3oy2vg02f
w8m4pjsdwc,l07dopgbav
rikye9y0cp,uyh6udedst
14btjei1vf,z1hokwfjp5
xul5evwzbn,43me4hq3p1
4e7di3iqft,3cpfl0r4wn
rbhrcaqz7z,ozfr9j0c6n
6utji8hje9,bamjnsuwi1
6dbg4l3blq,iyppjude5y
74615y5txt,9h1ur140ub
538kh6meu2,pvqtytjh91
7m61quoolc,d5vwypga86
cwnk3vthsi,tn53ls784x
kh3t9p07rb,vopmmyh8qk
avt8ota0we,efomnru8l8
orcsk0nlhu,2187et43ep
fw3m7rr3ck,gxg650hpk5
36qxtkxbqb,r52kpa5dv2
81lt8uppun,vc6grh9ocd
ruwapz3ble,h888rs4uuv
i3ggqfbn3z,2rkymfi845
qrtw3oohf2,l4lntyjkdk
rcislubes0,17cz1hq6t5
y5kc200uvm,n4sunfbe58
q3xzqp4aru,b9947kbbbs
ywyfm8dufg,goq1a6dq7v
m2ky3kkes0,ytb2gm69ao
btg7dt4ubc,cq19sbz7qx
6k6r7tw4ll,cjbhhd0o72
hdka5listm,cu9ysa13eh
urodurflg3,krtzxppm0i
frmk95e33s,6k2gha8pwt
tsth0gysra,ro0jh02jrx
wsitvftwvy,wskg2hnlrg
508ibizhh6,stvlaskb22
hwvf4nt793,j2zl01lp3v
jojh4h3qeq,bklqrgzt06
y0cq65zt4w,umfdykdhxm
59xif9z6yt,3u69dfha5u
7l4y567gwu,k0x10snz00
sp329xrrwx,vql3o59eli
3qahen9ljw,5v8e22wh2w
793zduw1np,1pjaqo32nc
b4jnvdf67q,7m61quoolc
02c4li45yc,krtzxppm0i
6daf8aoibw,gx170jrbrb
jwlca4x7al,1qqkooc8yt
ghkz0ofcz3,kktp6cz8hx
347oad1bi5,5xtefzgla3
y78urnyvq1,b4prcuzg8d
kdq9uy409t,f0680hf3ul
xgblho40k6,cpzr0jqeth
pyoqdaw8ru,ghpfgx96ey
v8oet86pvt,8yso7x5r1v
mhnbb8q81h,qb7cmxfn7w
4hujqhd549,mrvzrriuhu
2yn0dpljwk,7bsabcgc6w
arecl3srzx,b8384t82s3
zlpmivv00y,dmc5akgk7n
nd8k7q80ni,el6tjafof8
um3jfm8n3o,q3i44bhe31
wf8qas7pkk,wov6f5this
jopmeq0qal,ouyt5wdv0j
d5vwypga86,ykdtpam2v1
1oe6fdcypi,49q2ky3igm
uonxuhwh73,vymmxaxw6m
hjut3ks6uo,9r2olz4hrr
goq1a6dq7v,0uanaa7gmh
1ta6wyufv8,ulv6j9a90q
lg7ctbpvlh,kwpczyghy7
ioq5tjrnfi,knzm93uzdr
3ngb6139cr,ku8aw5ze78
6dbg4l3blq,ulngyfnd28
zkd62876am,ra2cent72s
xqnj8uz4tc,a8jh0ax3yd
daosnbtho1,ob34epennm
5g8ky2uefe,bm5kgtsp3o
2sq1qsmkvq,zlwiwjt55h
prs6uts1gt,j2j1zflua7
dhjjyb01vp,6l7h2nluka
op09n0ea0z,wjx31wkzr1
fdxjloas24,ohwnxlm6gp
bhn5sku44s,j3b74z60po
jwxssu5z1k,seduuobl4u
adezwrh8py,zz85idbd1l
wf8qas7pkk,gxg650hpk5
x8g97w15a5,66jde2jooe
687dheubd1,zr1yabrc7m
tnz5o75h6c,b9947kbbbs
1qqkooc8yt,zi9t0z8d28
kwpczyghy7,lpbk9kf1g3
iyppjude5y,txi20l8lz3
k6hdfevruu,4e7di3iqft
7rt2aaqtmi,jojh4h3qeq
qccx600dmb,5c7wxglaaa
qb7cmxfn7w,15fw63622d
mk2e1zrq1w,f6bt6nx7dy
wskg2hnlrg,ivs9y64u28
noztufx0bh,mjjiw7e44g
7rfwnr6bsn,kgd42zixzd
xc8i6ra4up,luiuojsme7
l1gi7zgcq9,ds2el0hh5l
6ucpesq8vq,mjjiw7e44g
rkl2ocfozz,w9s51ehi85
4m9irk670a,g4ysz6gmzv
fxo7dyzz7l,8fkea4ewfe
v0f5hg5l8k,5h1b2x8vck
yjibelcux7,ytb2gm69ao
zeei0t90j1,ziq74mrtno
7iemoycs16,8jg5jz175u
4m9irk670a,sluc38p8wu
dlxylc0ysd,abaukk6iq1
195vebkf19,y23myolcvh
z2ttmq5f3i,ajgc4bo6o3
mzwjk9g6oq,ro0jh02jrx
m65a2gr5mg,he06obafcj
hdka5listm,36qxtkxbqb
r5m2m5eerp,j97r2c9twu
gmaal1wrpe,yrx1bo4338
799cehme0c,0fi41k5m16
ghkz0ofcz3,nd8k7q80ni
4g18usl6ir,4i8od2ppoc
2lw110xgf9,5g74nzpfpo
vebeu1fidc,t4eth5dmgl
7j0noxzftu,j4qho03xqq
3qhg9f4ik1,q0dfv08qdd
rexp7sjtrc,5c7wxglaaa
5h1b2x8vck,ddhy2j8p7m
9nck718xu1,arwv19n5lb
zlrrc7wd6g,fe10c5044i
3sc7q25ae7,srxc0ccmaj
58dz2heqsi,uyh6udedst
lfujz4gp4b,f3rmq6a42s
347oad1bi5,1t2hjvudv2
iaho489hir,cu9ysa13eh
ffwfyz0mv5,p9ucnlyfx4
ehwbwwlaox,ulngyfnd28
l3hfmzugkr,oofoqb7hh7
txi20l8lz3,xbf35ap7dg
tiq1ahhtxw,7wd5xlklsr
uonxuhwh73,p1gyyouseg
fhupg3l6g1,lgpw7cv9po
62j5wonoww,hgcvor5gjq
vth6bku3jr,p1znxzjxd9
347oad1bi5,kktp6cz8hx
9427qd9afz,7ccl0k60kz
pvqtytjh91,adezwrh8py
9u1m1a0pxj,ic7yz9bmvw
iasqqqoabl,vrbpk2s7u7
fridnhzmm3,8p24zi0e7b
6gas2hnzr2,31o7il47jb
k0x10snz00,pyoqdaw8ru
5rhhoocgud,qln7b6tia7
8fig6fale3,n5fpfha87x
fzxlo3nak8,7d4d0lbaql
5g74nzpfpo,7w5gnttm26
dy57mtqxo6,f3k6cd5dwh
xy2p7j6gy1,10cf3cpj64
mhnbb8q81h,ghkz0ofcz3
6k2gha8pwt,gwe7rm4zmf
gv23inmycl,dmc5akgk7n
eyyhgfcrhp,d48oeklglb
9nck718xu1,7w5gnttm26
vrrz2g063l,daxspbxnq9
fgpcmhjifx,4ogau2kzym
yrx1bo4338,k3gdyf9iw0
w1ikx1cpcm,hdka5listm
v2zeufvutu,a7zfkpoju7
73x48wsfo4,5x9g4laya5
um3jfm8n3o,rikye9y0cp
hpfq2xcz1r,0htq64ge18
gx170jrbrb,6ucpesq8vq
fwm8m4ydbe,udilxedfve
qln7b6tia7,sfo4o5ngwp
0fi41k5m16,ewu5luxucm
xrgktak9z7,ide9verjwp
fexw0vi18k,3totldb00l
obmm04wjuk,ehwbwwlaox
fu98vy03xb,9427qd9afz
bzsxzlxyh9,bm5kgtsp3o
bisjkw76q8,4hujqhd549
hiufh0ekk6,n9lubgpfvz
f3k6cd5dwh,gqec6aj6hv
lcixewm6tl,0r28o7t5mj
fridnhzmm3,v0f5hg5l8k
q88sy9h9ji,7bsabcgc6w
2yn0dpljwk,3j29jcl6cu
j58c6uol3u,hqgmko1fg6
mjjiw7e44g,luiuojsme7
43aveknkan,sydncupv2o
1qqkooc8yt,m332lmmw3a
66jde2jooe,9fr5vdow36
ozak8dktie,ffwfyz0mv5
ozpmio6wsk,he06obafcj
19l2ylo00w,cjbhhd0o72
195vebkf19,j2a6ki6y7o
eiqzi6s0el,cjbhhd0o72
plxl3j5w8f,fu6e6nsh3k
tqkzbely0f,9427qd9afz
ilykm17clb,qnl3gz9dqg
ouyt5wdv0j,jf4t5i947g
slyvo929fx,do6j3dxt3p
r2kkanqzny,tbq8dwywi6
i1d609saoj,5kthfowqt9
xkat7kjln8,l3sigliqsr
tzl0qzywnr,98e4ui8jnc
nij9llgeao,ykdtpam2v1
xrgktak9z7,teyp29jkf1
prvzgstcis,jbxnjp0uo6
lob4hn2sts,jvt053bfu6
t37dmq3ebm,ypipxuzq5t
nd59fieoek,l9334aevv6
yjibelcux7,hk81mb2f8w
hdka5listm,ohwnxlm6gp
i9b01hjmev,bldbc0id2b
ywik7erymp,nd8k7q80ni
axf3smv3z5,tnhqq25or9
66x3luhkmp,4b3vw73g7v
nigt9m5cmb,txi20l8lz3
wmcyks3k0q,6dbg4l3blq
4rgs5p9id1,vrbpk2s7u7
oh3ap55dc1,25vjedddoz
jwxssu5z1k,wf8qas7pkk
dhjjyb01vp,z859coozxf
ugi3w6ie3z,jopmeq0qal
gx170jrbrb,0tkfg3bski
h7bkri4uao,hj9po4qznd
idj1f7db50,9u1m1a0pxj
e39k0y5cvd,knxv036bk4
ostka4pfui,q9xahp3132
3p7l9me8kd,6k6r7tw4ll
nnu66s1y5m,uknoi9qw9n
k3ch7wv1wo,ulngyfnd28
b9947kbbbs,qfu6br1inr
5kthfowqt9,sg1qrhw68e
31gtaivovi,cm2n7najp3
ivs9y64u28,17cz1hq6t5
f08swhb4pu,vrbpk2s7u7
7q5s6y4mwk,fy9ykobzg2
xeqni7sfla,ynwiihwkb1
4935r6hqp7,ohwnxlm6gp
xqnj8uz4tc,wl4u4wp50b
wpak0nwlw3,94a37zrb2l
52oi9t66ll,bizjl6ein5
wov6f5this,0htq64ge18
5xtefzgla3,nnu66s1y5m
j4qho03xqq,a1z3gi3669
r84m3r4u7z,8p24zi0e7b
8y9euyzpmn,i9b01hjmev
1nsdcvxiqk,ffwfyz0mv5
7iemoycs16,qccx600dmb
2yib1wv605,7w5gnttm26
1ah65r9toh,ob34epennm
a6pm4q1fx4,fdxjloas24
d6nl6lcnew,el6tjafof8
9gc1f29w08,aggvq3dw70
uyh6udedst,hgsa1ynuyy
rnihz44bnc,tixm0m48wa
t4o7bpaz3c,a8jh0ax3yd
gtlrvr8i6l,noztufx0bh
910496k6sv,kgd42zixzd
s9y1mzm75z,zdg6dk84gt
dsc2oobaw1,7iemoycs16
arecl3srzx,4uxibc2qn7
jg7664fvwq,bciug9wmy5
5g8ky2uefe,vrbpk2s7u7
qiiiow492w,2prbyhweyv
k6hdfevruu,b76s1g3tvr
visy5fpw5l,hiufh0ekk6
4935r6hqp7,n5pvdufm7d
voj7tdmr0q,z3cbueb73z
r2kkanqzny,ct20q9wu8k
0nywujx2eu,r3dgcodd20
prs6uts1gt,vgvrv3b9qv
hk81mb2f8w,iaho489hir
ytqbpxvfz5,pmmfg2fbft
jkv0n8qwwq,kkvtu98svn
2m5mwizlj6,f0680hf3ul
7l4y567gwu,rz8n1euz49
ngovgtk5zi,r84m3r4u7z
2m5mwizlj6,0qaxic6n2r
nai75ty88e,l2qlcxsvro
fridnhzmm3,rdh3nx47sf
0fi41k5m16,fihsuhiroq
zcwc4omusm,hwvf4nt793
fubcuhg04y,vcukul56lg
tx89yssf2o,3swiuf81xc
jwlca4x7al,he06obafcj
g7qgso7atq,jyc2h3udks
l3sigliqsr,w8dqkcv6qo
ulngyfnd28,10cf3cpj64
ram2xz922y,s1s340nnan
j4ac4fsoz3,x7ezbkifby
h7bkri4uao,kl3c2rngds
ohzvdph4pp,q3skbcoihb
vajafvv2mp,hgcvor5gjq
ggva0fglfz,r52kpa5dv2
t7lr41n52y,vql3o59eli
w1ikx1cpcm,ilykm17clb
347oad1bi5,h30gvmya96
w64oxw1rwz,8er1z8qd08
cipoyxvd0u,wjx31wkzr1
bfqahwxjqi,e39k0y5cvd
xucebxvdis,hzxmk1bowi
xkat7kjln8,v8oet86pvt
cm2n7najp3,gtlrvr8i6l
xc8i6ra4up,kzfhm0qjr5
jfelwa65hc,mrvzrriuhu
v0f5hg5l8k,i5wsvh0qkv
q6u2ikp99q,h0zv4alliy
hiufh0ekk6,7wmpjotjl9
j58c6uol3u,35mhmuxl6w
pe17ava8ru,hwvf4nt793
snhg06bl4r,wsitvftwvy
2yl4aufuzr,tm7hqirjyv
k6hdfevruu,7zpbswbqx1
wjx31wkzr1,1fdne2keqx
rcdg5rdzmx,qe1jb6gbpj
xf61mzfky4,2prbyhweyv
9g5suspox6,56vdlij7d9
rrxpdr79sn,0qaxic6n2r
th1ap3lcr3,yiq9miy4x4
5xtefzgla3,294lbwnt1e
iy6edx4sog,49q2ky3igm
u05yh2j998,a7zfkpoju7
fihsuhiroq,anwo3un063
1nsdcvxiqk,6boolnpqd0
h888rs4uuv,81lt8uppun
ggva0fglfz,urodurflg3
jdvpa9oc5u,7d4d0lbaql
ic6yky3cq3,58ld3l74ib
5jlc945gbb,aggvq3dw70
iwolns7uit,i1d609saoj
hjut3ks6uo,0llevokdal
do6j3dxt3p,eacs7eodq4
e1ns804yob,3njlj83g9k
s0bsr0y8yu,231znlobbg
n9lubgpfvz,z2t8ck4kgh
4xohp5l1ow,mosu2r2h0s
f3rmq6a42s,bciug9wmy5
94a37zrb2l,kauvnb9099
ii67xji96n,qrtw3oohf2
cm2n7najp3,57x88q6iu9
7olpzseuat,ioq5tjrnfi
4935r6hqp7,whrligz2dg
iqmuac176f,c65gbw6h2c
slyvo929fx,9s1mtboklq
q3xzqp4aru,3cpfl0r4wn
wal2vxom6b,pfgmct1qf6
i3ggqfbn3z,pmmfg2fbft
0htq64ge18,wbhbp480vs
i8zky31cw1,j58c6uol3u
tnhqq25or9,y6s4h3ebw8
vk3ym05mkz,j4qho03xqq
ct20q9wu8k,uyh6udedst
xbf35ap7dg,dkq7uwsxnt
h4aod2pgez,0fi41k5m16
wsitvftwvy,ntycvu9fuy
vkifwcsa1w,y81p27fb0k
8fkea4ewfe,ozpmio6wsk
t52xjkzizo,09fq4ohsjx
pt0zvxh3i0,ugi3w6ie3z
lvr540ap4w,j58c6uol3u
daosnbtho1,jzgqyzi021
j2a6ki6y7o,v3e0hmgg7b
ffwfyz0mv5,8gix16if6c
vymmxaxw6m,dfx4pf5fxw
deyln96494,789385assr
ec8vt1jlox,zmbkd01v1y
t89bt4hb7z,wl4u4wp50b
25vjedddoz,xbf35ap7dg
fy9ykobzg2,ozpmio6wsk
vcukul56lg,vk3ym05mkz
t8j9wc9r4c,0nywujx2eu
bizjl6ein5,2yib1wv605
ka44vyojg0,hwpkpee2xc
odmx2juq41,hjut3ks6uo
iwolns7uit,8p24zi0e7b
1dwvu23ci8,iz3nc0oqpx
799cehme0c,p1gyyouseg
jyc2h3udks,ygh1foj9yn
s9y1mzm75z,srxc0ccmaj
th1ap3lcr3,udilxedfve
v6dvmoxe2v,9g475svfnc
kl3c2rngds,l1gi7zgcq9
ssqanoo3af,iasqqqoabl
9135q4nvrc,ku8aw5ze78
cwnk3vthsi,g4bwbioyen
t4o7bpaz3c,36qxtkxbqb
mzwjk9g6oq,xocgw3mtsg
wbhbp480vs,1fdne2keqx
cwnk3vthsi,iyzw954xac
rp4indz9q3,iy6edx4sog
iz3nc0oqpx,i3ggqfbn3z
c9z5vg4ln3,gr9ooz9itf
ob34epennm,xbf35ap7dg
l26uw2o289,hey9o5fz5o
kp4zkgxk3g,10cf3cpj64
iaho489hir,ly0ti6vbhr
oc8ebhmhzf,t75tledoby
fihsuhiroq,tqkzbely0f
hiufh0ekk6,q9xahp3132
w1ikx1cpcm,14btjei1vf
jkv0n8qwwq,j2j1zflua7
zekfvqx6qb,ygh1foj9yn
x8g97w15a5,e7wla6wnt3
vopmmyh8qk,43me4hq3p1
8er1z8qd08,a1z3gi3669
fridnhzmm3,pe17ava8ru
uonxuhwh73,e8cnutnlm5
whshejmo8c,231znlobbg
rrxpdr79sn,daxspbxnq9
noztufx0bh,294lbwnt1e
x31slqc36c,wpak0nwlw3
ab6bj38xnf,mfvqtyru8w
9ugwc3xs6i,5a02oklpo7
qz64lz3iz3,f2i6q6imec
9rgt3m8q8y,8yso7x5r1v
v40s3hpib8,daxspbxnq9
oseyjtbg5e,covwjv53yv
jvt053bfu6,arrydkyrfq
ffwfyz0mv5,j61lx1ywn5
fihsuhiroq,m7eat86gfe
tnjk0vh6n3,687dheubd1
fps6ob0f7o,r2kkanqzny
hgsa1ynuyy,t7lr41n52y
lpbk9kf1g3,mfvqtyru8w
srxc0ccmaj,x7ezbkifby
b4jnvdf67q,el07hh4p9d
j2esj7m5wj,cq19sbz7qx
a1yy40ujan,9985mpxd27
wa32u7uowp,lhlxuwe2aj
udilxedfve,g0t0nbpgbw
6tjb56zorf,f2i6q6imec
ghkz0ofcz3,kgd42zixzd
qm54q6zi5r,olqx7hk5me
