noztufx0bh,294lbwnt1e,nivkx7mgot
pfo1usbe3r,um2qix669j,1s4ho50fjr
ouyt5wdv0j,jf4t5i947g,wu7alijt8y
j58c6uol3u,hqgmko1fg6,u8kagv75i2
5g74nzpfpo,7w5gnttm26,j94ivpzzrz
7l4y567gwu,rz8n1euz49,s65ce41bis
zlpmivv00y,dmc5akgk7n,o1ikz1bvgt
hdka5listm,36qxtkxbqb,s5lvqnvg7t
hqgmko1fg6,zz85idbd1l,qxzqfdw0b0
v40s3hpib8,rwnymull5j,q5gxxbxhyp
0reaos9be6,b2lwsq5a2k,l6octqbreu
nij9llgeao,jf4t5i947g,4jgz5qt1lo
2rkymfi845,daxspbxnq9,of6k0a0ofp
saxt3lhr7j,ovgf2914n4,kcvhr794m2
oio93csm8m,kp4zkgxk3g,jxeo7se0zh
kpncd6e2p2,piwbv2o5p6,xnwq6360s4
ku0pi5n3v6,jbh1pcrqyh,afcoa5s9xb
xrgktak9z7,knzm93uzdr,njlufygb9r
q3i44bhe31,rkl2ocfozz,h6tt9ptgmp
v0f5hg5l8k,5h1b2x8vck,qxzqfdw0b0
rpmww2pknn,sjda8e1x3d,mmk3bvby8k
910496k6sv,kgd42zixzd,45y143ymtr
0rnm3jgmz3,gm8ry42ly4,bemtfu0jjz
k6hdfevruu,7zpbswbqx1,05euemf0cz
jwxssu5z1k,wf8qas7pkk,qqjkskcwld
ilykm17clb,p1gyyouseg,1196nbels6
5d3qus594b,yvqwq27ct2,52t7dt2sc0
n5fpfha87x,ohzvdph4pp,0w3e8nizcw
zlrrc7wd6g,wf2st5yro9,4jgz5qt1lo
8fig6fale3,n5fpfha87x,ycot6gjgc1
plxl3j5w8f,kauvnb9099,nfyaz99hc4
lgpw7cv9po,3ngb6139cr,97f2w7761f
ec8vt1jlox,prs6uts1gt,ba4hie61hb
w5zkhg74bk,ehwbwwlaox,8nqbuknlcn
7d4d0lbaql,iyzw954xac,ezge70jqhy
fridnhzmm3,3c47pwb535,24o3rtwo2e
3a8sxw9pd0,j2zl01lp3v,05euemf0cz
e7wla6wnt3,sydncupv2o,m7ala280of
arecl3srzx,4uxibc2qn7,3mgv0jyllz
iyppjude5y,txi20l8lz3,4ecbg5bo6h
bldbc0id2b,yiya6c7c8k,mvr8cnlyn9
saxt3lhr7j,by1h27jq20,7kuhf7vzyw
fw3m7rr3ck,8vzjln04gj,j94ivpzzrz
8er1z8qd08,a1z3gi3669,74qqm4ef2q
n6eynkud39,btg7dt4ubc,qxzqfdw0b0
iyzw954xac,y23myolcvh,gvwoqo3fb5
n7gbzg8xoj,prvzgstcis,xna63kz722
iqmuac176f,w9s51ehi85,swpxddbk1d
l3sigliqsr,w8dqkcv6qo,u6xad99gv0
h888rs4uuv,81lt8uppun,of6k0a0ofp
a6pm4q1fx4,fdxjloas24,ycot6gjgc1
fu98vy03xb,9427qd9afz,e9xiii9w5w
i8zky31cw1,j58c6uol3u,n1bm0wto2g
35mhmuxl6w,t3oy2vg02f,1s4ho50fjr
ostka4pfui,q9xahp3132,pues9ak9yt
vr5zat7s94,p2zwqxr5f3,gzwlrht8l1
w8dqkcv6qo,81lt8uppun,n4v6y2zi39
t52xjkzizo,09fq4ohsjx,vanry76qja
vk3ym05mkz,j4qho03xqq,ye9ehofb3o
fubcuhg04y,vcukul56lg,gnrp9f0d0f
slyvo929fx,9s1mtboklq,m7ala280of
0p434m4tmv,5wmfleb1hv,q5gxxbxhyp
idj1f7db50,9u1m1a0pxj,e9xiii9w5w
jbh1pcrqyh,zmbkd01v1y,q8h8qjepjs
ewu5luxucm,wf2st5yro9,efsbkrwbq6
ka44vyojg0,hwpkpee2xc,u6xad99gv0
lpbk9kf1g3,mfvqtyru8w,prnoqh06vy
um3jfm8n3o,q3i44bhe31,mmk3bvby8k
6dbg4l3blq,iyppjude5y,pues9ak9yt
qz64lz3iz3,f2i6q6imec,0sv09xcgyi
0xcvzbxjlv,gv23inmycl,l6octqbreu
adezwrh8py,7r7pn0r25w,5b4vsiz8z9
gfqojkjw2m,bldbc0id2b,74qqm4ef2q
ozpmio6wsk,he06obafcj,130bm8k0l8
e39k0y5cvd,knxv036bk4,3mgv0jyllz
4935r6hqp7,l07dopgbav,52t7dt2sc0
02c4li45yc,krtzxppm0i,gvwoqo3fb5
a9apc19evy,5kthfowqt9,05euemf0cz
xrgktak9z7,teyp29jkf1,ol54pixkbx
iasqqqoabl,vrbpk2s7u7,k38jbn40fl
fexw0vi18k,vth6bku3jr,mmk3bvby8k
noztufx0bh,294lbwnt1e,0r6wl48len
saxt3lhr7j,by1h27jq20,zy9kwyjpjw
hiufh0ekk6,q9xahp3132,f2unzoi71t
fridnhzmm3,pe17ava8ru,m2fd2g2161
vk3ym05mkz,j4qho03xqq,m7ala280of
zlpmivv00y,dmc5akgk7n,wqhymvqpwm
atm6fpwolq,v2zeufvutu,45y143ymtr
wl4u4wp50b,rgoptornlx,8nqbuknlcn
un3agzhqd6,x9jkbzpgim,e9xiii9w5w
bm5kgtsp3o,cmyme6ns86,xqk5b10n09
ghkz0ofcz3,nd8k7q80ni,ycot6gjgc1
4935r6hqp7,n5pvdufm7d,nnlupejcii
prs6uts1gt,j2j1zflua7,mvr8cnlyn9
q9uxc531x8,rnihz44bnc,s65ce41bis
mfvqtyru8w,8jg5jz175u,prnoqh06vy
74x594bq9c,9rgt3m8q8y,5rhn09nzx8
2v705vr7t2,optq11rsib,ze14il9a2r
cwnk3vthsi,17cz1hq6t5,gvwoqo3fb5
whrligz2dg,y23myolcvh,ol54pixkbx
pyoqdaw8ru,ghpfgx96ey,s5lvqnvg7t
arwv19n5lb,yl09cw1rsj,4ecbg5bo6h
zlrrc7wd6g,wf2st5yro9,prnoqh06vy
b4jnvdf67q,el07hh4p9d,prnoqh06vy
avt8ota0we,viptkzfon2,gnrp9f0d0f
uyh6udedst,hgsa1ynuyy,nnlupejcii
m2qwuz01p2,dsc2oobaw1,pues9ak9yt
vrrz2g063l,kypbzofwbv,8l6qdx92rj
58dz2heqsi,uyh6udedst,1uo3qn1lc7
5g74nzpfpo,7w5gnttm26,aftejxgzdr
dlxylc0ysd,abaukk6iq1,ba15iez6n4
nigt9m5cmb,txi20l8lz3,woe684beu4
xrgktak9z7,ide9verjwp,7kuhf7vzyw
r40spkjcxx,spchuonqzw,cn7is2c7ra
iwolns7uit,i1d609saoj,aftejxgzdr
vajafvv2mp,789385assr,b32uw1kdwp
obmm04wjuk,ehwbwwlaox,of6k0a0ofp
8yq903qch3,m65a2gr5mg,n4v6y2zi39
n9lubgpfvz,z2t8ck4kgh,7azl3uvtcm
sp329xrrwx,vql3o59eli,0sv09xcgyi
r2kkanqzny,tbq8dwywi6,nfyaz99hc4
vajafvv2mp,fe10c5044i,ahiwwruy0k
fgpcmhjifx,4ogau2kzym,kcvhr794m2
caouedw1in,294lbwnt1e,45y143ymtr
hjut3ks6uo,0llevokdal,n4v6y2zi39
vrrz2g063l,kypbzofwbv,410znshdwb
81gqeoetw1,py6u3kntiv,e4ep4qwija
ioq5tjrnfi,knzm93uzdr,jtt4sbpr16
nai75ty88e,wlgjajpy26,9d0zc26x5g
nd59fieoek,l9334aevv6,m2fd2g2161
fu6e6nsh3k,fkc04lod5n,l7d48g5n4e
kpncd6e2p2,piwbv2o5p6,asx9gi15m7
xrgktak9z7,zgytdrojyl,afcoa5s9xb
m65a2gr5mg,gwe7rm4zmf,s65ce41bis
ytqbpxvfz5,pmmfg2fbft,wu7alijt8y
hpfq2xcz1r,0htq64ge18,6941rniuw7
jf4t5i947g,xzy37fhp0x,ezge70jqhy
fv71t3diwl,t37dmq3ebm,m7ala280of
vgvrv3b9qv,as8d2wiwe8,xna63kz722
zeei0t90j1,ziq74mrtno,n4v6y2zi39
h3xz7ri4j6,jzgqyzi021,u6xad99gv0
m65a2gr5mg,nij9llgeao,q5gxxbxhyp
0p434m4tmv,5wmfleb1hv,f2unzoi71t
zu5j4ocsdb,w7r02po1wx,o1ikz1bvgt
1dwvu23ci8,iz3nc0oqpx,s5lvqnvg7t
daosnbtho1,jzgqyzi021,l7d48g5n4e
59xif9z6yt,3u69dfha5u,jxeo7se0zh
66jde2jooe,9fr5vdow36,ahiwwruy0k
uyh6udedst,hgsa1ynuyy,1uo3qn1lc7
195vebkf19,y23myolcvh,24o3rtwo2e
tdhoid2evh,7l4y567gwu,gvwoqo3fb5
jg7664fvwq,bciug9wmy5,130bm8k0l8
8fkea4ewfe,ozpmio6wsk,1196nbels6
txi20l8lz3,f306f1m90u,wqhymvqpwm
cjbhhd0o72,0uanaa7gmh,woe684beu4
7xjm0wqvjr,0qaxic6n2r,u6xad99gv0
i8zky31cw1,j58c6uol3u,u8kagv75i2
ebbhbz887a,lm97j6ddul,0w3e8nizcw
7olpzseuat,ioq5tjrnfi,7azl3uvtcm
fwm8m4ydbe,udilxedfve,prnoqh06vy
cwnk3vthsi,tn53ls784x,74qqm4ef2q
35mhmuxl6w,t3oy2vg02f,k38jbn40fl
i3ggqfbn3z,2rkymfi845,gvwoqo3fb5
qccx600dmb,5c7wxglaaa,q5gxxbxhyp
z0ghfdli1s,jkv0n8qwwq,5rhn09nzx8
jfug1y14lv,4uknedmb5w,m9l6ot0jta
4935r6hqp7,l07dopgbav,nfyaz99hc4
th1ap3lcr3,yiq9miy4x4,4jgz5qt1lo
d6nl6lcnew,t4eth5dmgl,ba4hie61hb
iyzw954xac,y23myolcvh,410znshdwb
mzwjk9g6oq,jbh1pcrqyh,asx9gi15m7
zeei0t90j1,ziq74mrtno,jtt4sbpr16
4m9irk670a,sluc38p8wu,5rzn54u008
jv46sdp1h8,7r7pn0r25w,h6tt9ptgmp
agxz2lnl4b,0p434m4tmv,o1ikz1bvgt
0rnm3jgmz3,gm8ry42ly4,1s4ho50fjr
xrgktak9z7,8yse6xqsn4,9h3vj0wqhx
15lds1o5yc,jwxssu5z1k,cn7is2c7ra
347oad1bi5,kktp6cz8hx,jxeo7se0zh
ytqbpxvfz5,pmmfg2fbft,j94ivpzzrz
ybelydl25g,ok8szf3gpk,jtt4sbpr16
0htq64ge18,wbhbp480vs,mmk3bvby8k
02c4li45yc,krtzxppm0i,8nqbuknlcn
0fi41k5m16,ewu5luxucm,woe684beu4
8fkea4ewfe,ozpmio6wsk,nfijpgpnad
i7hkci7rso,rrxpdr79sn,efsbkrwbq6
m65a2gr5mg,bhn5sku44s,6jtcks3h4g
n7gbzg8xoj,nq9mn6w2b2,5rzn54u008
q04oyaqyo0,bs1mbjbvoy,q5gxxbxhyp
fps6ob0f7o,r2kkanqzny,zgeqvl66gn
zekfvqx6qb,ygh1foj9yn,q5gxxbxhyp
qz64lz3iz3,d1o4frxcgo,t25vxbvssf
dmc5akgk7n,jopmeq0qal,kwqgogr8os
3swiuf81xc,jkv0n8qwwq,ba15iez6n4
dsc2oobaw1,bfqahwxjqi,l6octqbreu
3p7l9me8kd,6k6r7tw4ll,n1bm0wto2g
d6nl6lcnew,t4eth5dmgl,e9xiii9w5w
9427qd9afz,7ccl0k60kz,b32uw1kdwp
ic6yky3cq3,58ld3l74ib,wu7alijt8y
arecl3srzx,b8384t82s3,aftejxgzdr
2m5mwizlj6,4xohp5l1ow,m7ala280of
v8oet86pvt,krtzxppm0i,05euemf0cz
cmyme6ns86,ph4r7qw1uj,6941rniuw7
fps6ob0f7o,4vdk3omcrx,05euemf0cz
v8oet86pvt,8yso7x5r1v,g69anp4ub1
789385assr,mfvqtyru8w,g69anp4ub1
qz64lz3iz3,2187et43ep,asx9gi15m7
9pzucasz3d,agxz2lnl4b,qqjkskcwld
mzwjk9g6oq,xocgw3mtsg,8l6qdx92rj
uonxuhwh73,vymmxaxw6m,cn7is2c7ra
m65a2gr5mg,bhn5sku44s,1196nbels6
ykdtpam2v1,vrrz2g063l,aftejxgzdr
vrrz2g063l,daxspbxnq9,nfyaz99hc4
oun4u4cv5w,6d3km5eiyg,t25vxbvssf
fridnhzmm3,rdh3nx47sf,ze14il9a2r
xgblho40k6,cpzr0jqeth,ze14il9a2r
3p7l9me8kd,6k6r7tw4ll,mvr8cnlyn9
plxl3j5w8f,kauvnb9099,s65ce41bis
fzxlo3nak8,7d4d0lbaql,3vl98fnoku
j2a6ki6y7o,v3e0hmgg7b,xqk5b10n09
zlrrc7wd6g,6a1dyeridm,1196nbels6
u9cg8c1573,0htq64ge18,45y143ymtr
t52xjkzizo,09fq4ohsjx,f2unzoi71t
oofoqb7hh7,wjx31wkzr1,xnwq6360s4
1qqkooc8yt,m332lmmw3a,7azl3uvtcm
xf61mzfky4,kavf2hbysd,of6k0a0ofp
ct20q9wu8k,uyh6udedst,9h3vj0wqhx
i3ggqfbn3z,2rkymfi845,8l6qdx92rj
bhx5nseqo5,9bqutb5n7l,vanry76qja
ghkz0ofcz3,arecl3srzx,410znshdwb
pe17ava8ru,hwvf4nt793,u8kagv75i2
rp4indz9q3,teyp29jkf1,1196nbels6
v2zeufvutu,ioq5tjrnfi,e4ep4qwija
wskg2hnlrg,ivs9y64u28,8l6qdx92rj
ebbhbz887a,lz45mox4x8,nivkx7mgot
ioq5tjrnfi,knzm93uzdr,ahiwwruy0k
ogtzgdc7s1,pe17ava8ru,7lpyysb68c
bdgx8ha0wb,e8cnutnlm5,05euemf0cz
snhg06bl4r,wsitvftwvy,e4ep4qwija
9985mpxd27,n4sunfbe58,nfyaz99hc4
6k2gha8pwt,gwe7rm4zmf,05euemf0cz
rkl2ocfozz,w9s51ehi85,mvr8cnlyn9
v0f5hg5l8k,5h1b2x8vck,l7d48g5n4e
6dbg4l3blq,ulngyfnd28,pues9ak9yt
gr9ooz9itf,q3i44bhe31,s65ce41bis
pe17ava8ru,hwvf4nt793,4ecbg5bo6h
9fr5vdow36,bldbc0id2b,nfijpgpnad
k3ch7wv1wo,ulngyfnd28,aftejxgzdr
bfqahwxjqi,r5m2m5eerp,ye9ehofb3o
x9jkbzpgim,obmm04wjuk,k38jbn40fl
axf3smv3z5,tnhqq25or9,24o3rtwo2e
v2zeufvutu,tdz62zseml,l6octqbreu
a9apc19evy,5kthfowqt9,410znshdwb
qrtw3oohf2,l4lntyjkdk,ol54pixkbx
hgsa1ynuyy,jojh4h3qeq,0r6wl48len
9d9ghj1dnd,5rsfbqfgp8,nfyaz99hc4
dhjjyb01vp,6l7h2nluka,e9xiii9w5w
s8x3yx5coc,7wd5xlklsr,b32uw1kdwp
6boolnpqd0,7xjm0wqvjr,g69anp4ub1
3sc7q25ae7,srxc0ccmaj,woe684beu4
n5fpfha87x,ohzvdph4pp,5rhn09nzx8
m24moetid1,oeeeokbgcc,7kuhf7vzyw
5xtefzgla3,294lbwnt1e,wgwe7dfizl
2prbyhweyv,nij9llgeao,45y143ymtr
saxt3lhr7j,ovgf2914n4,nivkx7mgot
0tkfg3bski,s1s340nnan,ahiwwruy0k
2m5mwizlj6,f0680hf3ul,7lpyysb68c
sluc38p8wu,1ta6wyufv8,t25vxbvssf
iaho489hir,cu9ysa13eh,1uo3qn1lc7
cm2n7najp3,gtlrvr8i6l,9d0zc26x5g
4e7di3iqft,qn3q7n6dn9,7lpyysb68c
v8oet86pvt,krtzxppm0i,9d0zc26x5g
ggva0fglfz,urodurflg3,prnoqh06vy
xrgktak9z7,8yse6xqsn4,ahiwwruy0k
jojh4h3qeq,bklqrgzt06,24o3rtwo2e
ybelydl25g,ok8szf3gpk,ol54pixkbx
hdka5listm,ohwnxlm6gp,m7ala280of
s2hit8p6v0,m8n2ijch12,410znshdwb
2m5mwizlj6,0qaxic6n2r,n1bm0wto2g
rnihz44bnc,wskg2hnlrg,gnrp9f0d0f
347oad1bi5,kktp6cz8hx,3vl98fnoku
gfqojkjw2m,bldbc0id2b,410znshdwb
1ah65r9toh,ob34epennm,prnoqh06vy
saxt3lhr7j,by1h27jq20,j94ivpzzrz
6tjb56zorf,f2i6q6imec,o1ikz1bvgt
qz64lz3iz3,d1o4frxcgo,of6k0a0ofp
bfqahwxjqi,xc8i6ra4up,5b4vsiz8z9
x2wu0g8gxq,o5x0galk8z,jtt4sbpr16
i9b01hjmev,bldbc0id2b,gzwlrht8l1
f306f1m90u,538kh6meu2,oey9kf47vw
2lw110xgf9,5g74nzpfpo,xnwq6360s4
9nck718xu1,arwv19n5lb,3mgv0jyllz
arwv19n5lb,yl09cw1rsj,nnlupejcii
bfqahwxjqi,l9334aevv6,wgwe7dfizl
36qxtkxbqb,r52kpa5dv2,4jgz5qt1lo
hdka5listm,36qxtkxbqb,of6k0a0ofp
w1ikx1cpcm,ilykm17clb,prnoqh06vy
zkd62876am,ra2cent72s,gzwlrht8l1
c6wuyx5xtm,5wmfleb1hv,zy9kwyjpjw
jwxssu5z1k,seduuobl4u,q5gxxbxhyp
508ibizhh6,stvlaskb22,8l6qdx92rj
1ex1a00wuv,i8zky31cw1,8nqbuknlcn
tqkzbely0f,bfqahwxjqi,u8kagv75i2
fi4je1r3d8,fwm8m4ydbe,nnlupejcii
n9lubgpfvz,z2t8ck4kgh,b32uw1kdwp
gfqojkjw2m,bldbc0id2b,m2fd2g2161
bamjnsuwi1,djf4ubosim,pues9ak9yt
347oad1bi5,1t2hjvudv2,6941rniuw7
4e7di3iqft,3cpfl0r4wn,6941rniuw7
rbhrcaqz7z,ozfr9j0c6n,t25vxbvssf
t89bt4hb7z,9h1ur140ub,4ecbg5bo6h
vk3ym05mkz,j4qho03xqq,ze14il9a2r
6tjb56zorf,f2i6q6imec,0w3e8nizcw
c6wuyx5xtm,5wmfleb1hv,s65ce41bis
gllh8kysgp,2rkymfi845,0sv09xcgyi
gfqojkjw2m,hgcvor5gjq,gzwlrht8l1
umfdykdhxm,4uwqttlzps,nfyaz99hc4
wjx31wkzr1,1fdne2keqx,m9l6ot0jta
ob34epennm,xbf35ap7dg,52t7dt2sc0
ffwfyz0mv5,p9ucnlyfx4,efsbkrwbq6
btg7dt4ubc,cq19sbz7qx,5rhn09nzx8
fu98vy03xb,9427qd9afz,3mgv0jyllz
yrx1bo4338,w1ikx1cpcm,afcoa5s9xb
vajafvv2mp,fe10c5044i,05euemf0cz
58dz2heqsi,uyh6udedst,52t7dt2sc0
lg7ctbpvlh,kwpczyghy7,gvwoqo3fb5
v8oet86pvt,krtzxppm0i,o1ikz1bvgt
fihsuhiroq,m7eat86gfe,xqk5b10n09
dbalra58as,02c4li45yc,6941rniuw7
7l4y567gwu,h35im6k2a2,m2fd2g2161
v6dvmoxe2v,9g475svfnc,q8h8qjepjs
fw3m7rr3ck,8vzjln04gj,410znshdwb
wpak0nwlw3,qdww5t6rp4,bemtfu0jjz
t37dmq3ebm,ypipxuzq5t,nnlupejcii
x8g97w15a5,66jde2jooe,ycot6gjgc1
5g8ky2uefe,vrbpk2s7u7,nfyaz99hc4
mzwjk9g6oq,xocgw3mtsg,0sv09xcgyi
dmc5akgk7n,jopmeq0qal,n4v6y2zi39
2v705vr7t2,kzfhm0qjr5,m9l6ot0jta
eyyhgfcrhp,d48oeklglb,0w3e8nizcw
v0f5hg5l8k,5h1b2x8vck,3mgv0jyllz
kl3c2rngds,l1gi7zgcq9,7azl3uvtcm
9bqutb5n7l,uwfiu26q70,7lpyysb68c
74x594bq9c,9rgt3m8q8y,qxzqfdw0b0
d6nl6lcnew,t4eth5dmgl,ye9ehofb3o
m332lmmw3a,5wmfleb1hv,s5lvqnvg7t
xyx31a32j2,xucebxvdis,bemtfu0jjz
lhlxuwe2aj,slyvo929fx,4ecbg5bo6h
b4jnvdf67q,7m61quoolc,6941rniuw7
fubcuhg04y,goq1a6dq7v,bemtfu0jjz
5jlc945gbb,aggvq3dw70,7kuhf7vzyw
qz64lz3iz3,2187et43ep,m2fd2g2161
17cz1hq6t5,4m8javuc3q,9h3vj0wqhx
p1gyyouseg,tm2tjgb5ph,b32uw1kdwp
789385assr,ggva0fglfz,3mgv0jyllz
3swiuf81xc,ohzvdph4pp,bemtfu0jjz
q3skbcoihb,9g475svfnc,cn7is2c7ra
krtzxppm0i,ie97wghbra,05euemf0cz
98e4ui8jnc,oio93csm8m,qqjkskcwld
hjut3ks6uo,0llevokdal,pues9ak9yt
v8oet86pvt,krtzxppm0i,l6octqbreu
ram2xz922y,0nywujx2eu,5rzn54u008
2prbyhweyv,nij9llgeao,130bm8k0l8
g7qgso7atq,srxc0ccmaj,m9l6ot0jta
j2j1zflua7,tsth0gysra,6jtcks3h4g
5bi7d42nk1,u6ws8hjtet,ze14il9a2r
mfvqtyru8w,u3ejohjz38,qqjkskcwld
v8oet86pvt,krtzxppm0i,afcoa5s9xb
bizjl6ein5,2yib1wv605,0sv09xcgyi
dmc5akgk7n,jopmeq0qal,ba15iez6n4
6k6r7tw4ll,cjbhhd0o72,7azl3uvtcm
t89bt4hb7z,wl4u4wp50b,6jtcks3h4g
ozak8dktie,ffwfyz0mv5,wqhymvqpwm
g30nn28ud9,zf9poy3pkw,130bm8k0l8
39xmts71v5,508ibizhh6,9h3vj0wqhx
3crg2b9ks8,8sx6jjd0sh,e4ep4qwija
k1ozwr09y3,do6j3dxt3p,u8kagv75i2
vymmxaxw6m,dfx4pf5fxw,ycot6gjgc1
ytqbpxvfz5,pmmfg2fbft,52t7dt2sc0
h30gvmya96,l3sigliqsr,t25vxbvssf
iz3nc0oqpx,i3ggqfbn3z,3mgv0jyllz
v40s3hpib8,gr9ooz9itf,h6tt9ptgmp
2sq1qsmkvq,e7mq82kd3u,qxzqfdw0b0
goq1a6dq7v,0uanaa7gmh,ba4hie61hb
bhn5sku44s,j3b74z60po,xnwq6360s4
j4ac4fsoz3,x7ezbkifby,wgwe7dfizl
jkv0n8qwwq,j2j1zflua7,7lpyysb68c
gwe7rm4zmf,6ucpesq8vq,prnoqh06vy
ssqanoo3af,rjgjwhbafr,nfijpgpnad
n7gbzg8xoj,nq9mn6w2b2,nnlupejcii
cicbo7mo4e,vajafvv2mp,ze14il9a2r
7zpbswbqx1,231znlobbg,s5lvqnvg7t
jfelwa65hc,mrvzrriuhu,0r6wl48len
7q5s6y4mwk,fy9ykobzg2,7lpyysb68c
ii67xji96n,qrtw3oohf2,n1bm0wto2g
3crg2b9ks8,zmbkd01v1y,3mgv0jyllz
6tjb56zorf,f2i6q6imec,nfyaz99hc4
jkv0n8qwwq,j2j1zflua7,e9xiii9w5w
cwnk3vthsi,lhwi7l92oo,4jgz5qt1lo
deyln96494,789385assr,aftejxgzdr
fexw0vi18k,3totldb00l,ol54pixkbx
52oi9t66ll,kkvtu98svn,wu7alijt8y
wf8qas7pkk,gxg650hpk5,u6xad99gv0
cwnk3vthsi,lhwi7l92oo,05euemf0cz
3swiuf81xc,ohzvdph4pp,jxeo7se0zh
z3cbueb73z,kcjujsrp89,oey9kf47vw
zlrrc7wd6g,6a1dyeridm,gzwlrht8l1
h3xz7ri4j6,jzgqyzi021,of6k0a0ofp
xbf35ap7dg,dkq7uwsxnt,4jgz5qt1lo
7l4y567gwu,h35im6k2a2,l6octqbreu
43aveknkan,sydncupv2o,05euemf0cz
iyppjude5y,txi20l8lz3,ze14il9a2r
lg7ctbpvlh,kwpczyghy7,ba4hie61hb
687dheubd1,zr1yabrc7m,24o3rtwo2e
nai75ty88e,wlgjajpy26,kcvhr794m2
j2esj7m5wj,cq19sbz7qx,8l6qdx92rj
rcdg5rdzmx,qe1jb6gbpj,kcvhr794m2
iods32joth,j2a6ki6y7o,0r6wl48len
cjbhhd0o72,w8dqkcv6qo,aftejxgzdr
k0x10snz00,u05yh2j998,ol54pixkbx
58dz2heqsi,uyh6udedst,cn7is2c7ra
q88sy9h9ji,7bsabcgc6w,wqhymvqpwm
hqgmko1fg6,zz85idbd1l,3vl98fnoku
g4bwbioyen,ynwiihwkb1,mvr8cnlyn9
xrgktak9z7,knzm93uzdr,efsbkrwbq6
t4o7bpaz3c,36qxtkxbqb,woe684beu4
fyo2srp68i,zdg6dk84gt,3mgv0jyllz
asah81sip4,57x88q6iu9,dx1b0t5lyo
35mhmuxl6w,qb7cmxfn7w,prnoqh06vy
r2kkanqzny,tbq8dwywi6,7kuhf7vzyw
iqmuac176f,w9s51ehi85,g69anp4ub1
n5pvdufm7d,pe17ava8ru,mmk3bvby8k
tn53ls784x,qn3q7n6dn9,130bm8k0l8
qvdej7zqzc,8ct6n3299i,njlufygb9r
yjibelcux7,ytb2gm69ao,afcoa5s9xb
4935r6hqp7,n5pvdufm7d,xnwq6360s4
6dbg4l3blq,ulngyfnd28,24o3rtwo2e
4935r6hqp7,l07dopgbav,mvr8cnlyn9
9bqutb5n7l,uwfiu26q70,m2fd2g2161
wsitvftwvy,ntycvu9fuy,cn7is2c7ra
daosnbtho1,ob34epennm,o1ikz1bvgt
8t3wjlkqqs,628a3fn7t4,5rhn09nzx8
th1ap3lcr3,jdvpa9oc5u,m9l6ot0jta
lfujz4gp4b,rikye9y0cp,q8h8qjepjs
phma19q1x3,rjgjwhbafr,ba15iez6n4
lob4hn2sts,jvt053bfu6,xqk5b10n09
7ffu2yz849,lmp5iavqfh,4jgz5qt1lo
6vzzh4sv9x,v2zeufvutu,0sv09xcgyi
x8g97w15a5,kypbzofwbv,m9l6ot0jta
ghkz0ofcz3,arecl3srzx,jtt4sbpr16
4g18usl6ir,a8jh0ax3yd,130bm8k0l8
v0f5hg5l8k,5h1b2x8vck,8l6qdx92rj
oofoqb7hh7,wjx31wkzr1,l6octqbreu
347oad1bi5,1t2hjvudv2,4jgz5qt1lo
9rgt3m8q8y,qccx600dmb,s5lvqnvg7t
fdxjloas24,ohwnxlm6gp,qxzqfdw0b0
wsitvftwvy,ntycvu9fuy,0r6wl48len
uonxuhwh73,e8cnutnlm5,wgwe7dfizl
rnihz44bnc,tixm0m48wa,jtt4sbpr16
idj1f7db50,9u1m1a0pxj,xqk5b10n09
tnjk0vh6n3,687dheubd1,u6xad99gv0
bfqahwxjqi,sg1qrhw68e,xqk5b10n09
bldbc0id2b,yiya6c7c8k,j94ivpzzrz
t75tledoby,0llevokdal,xnwq6360s4
35mhmuxl6w,t3oy2vg02f,q8h8qjepjs
jwxssu5z1k,seduuobl4u,ezge70jqhy
ilaetbxo6v,ruvemavmdw,xqk5b10n09
j2j1zflua7,tsth0gysra,q8h8qjepjs
19l2ylo00w,cjbhhd0o72,efsbkrwbq6
f3rmq6a42s,bciug9wmy5,s65ce41bis
x1mfe964da,gd62rc4ovo,45y143ymtr
3p7l9me8kd,6k6r7tw4ll,zgeqvl66gn
r84m3r4u7z,ngg2lc6w33,njlufygb9r
b4jnvdf67q,sluc38p8wu,0w3e8nizcw
2yn0dpljwk,7bsabcgc6w,7azl3uvtcm
q3xzqp4aru,b9947kbbbs,f2unzoi71t
iyzw954xac,y23myolcvh,zgeqvl66gn
axf3smv3z5,tnhqq25or9,l6octqbreu
5kvmpiz4yd,ybu07m6wpc,3vl98fnoku
fexw0vi18k,3totldb00l,1uo3qn1lc7
kbw2j3vck4,dbalra58as,k38jbn40fl
h888rs4uuv,6gxqbfri2r,n4v6y2zi39
wal2vxom6b,pfgmct1qf6,ezge70jqhy
jopmeq0qal,ilmnvv974o,5rzn54u008
deyln96494,789385assr,prnoqh06vy
qe1jb6gbpj,8lb9fr1fxm,s65ce41bis
4e7di3iqft,3cpfl0r4wn,wgwe7dfizl
iy6edx4sog,49q2ky3igm,h6tt9ptgmp
7iemoycs16,8jg5jz175u,gvwoqo3fb5
3ngb6139cr,ku8aw5ze78,1zpjgy5ntt
ytqbpxvfz5,pmmfg2fbft,97f2w7761f
py6u3kntiv,0llevokdal,efsbkrwbq6
jv46sdp1h8,tdz62zseml,5b4vsiz8z9
4935r6hqp7,n5pvdufm7d,q8h8qjepjs
ilaetbxo6v,ruvemavmdw,oey9kf47vw
txi20l8lz3,f306f1m90u,ye9ehofb3o
ct20q9wu8k,uyh6udedst,aftejxgzdr
ccjk4fib9i,f3rmq6a42s,g69anp4ub1
z3cbueb73z,kcjujsrp89,7azl3uvtcm
jopmeq0qal,ouyt5wdv0j,m7ala280of
ngg2lc6w33,5ftm6w1kp6,6941rniuw7
cjbhhd0o72,w8dqkcv6qo,xnwq6360s4
rkl2ocfozz,w9s51ehi85,q5gxxbxhyp
wpak0nwlw3,94a37zrb2l,oey9kf47vw
0tkfg3bski,s1s340nnan,l7d48g5n4e
tm2tjgb5ph,phma19q1x3,asx9gi15m7
6daf8aoibw,gx170jrbrb,m2fd2g2161
el6tjafof8,py6u3kntiv,wqhymvqpwm
ffwfyz0mv5,p9ucnlyfx4,xna63kz722
4935r6hqp7,n5pvdufm7d,kcvhr794m2
udilxedfve,9brupbdcbo,q5gxxbxhyp
4ogau2kzym,kpncd6e2p2,1zpjgy5ntt
n5fpfha87x,ohzvdph4pp,oey9kf47vw
qz64lz3iz3,d1o4frxcgo,gvwoqo3fb5
z3cbueb73z,7l4y567gwu,3mgv0jyllz
hdka5listm,ohwnxlm6gp,h6tt9ptgmp
59xif9z6yt,tdz62zseml,3vl98fnoku
fihsuhiroq,m7eat86gfe,nfijpgpnad
hgcvor5gjq,he06obafcj,m2fd2g2161
49q2ky3igm,plxl3j5w8f,nivkx7mgot
gtlrvr8i6l,noztufx0bh,s65ce41bis
wskg2hnlrg,ivs9y64u28,05euemf0cz
cmyme6ns86,ph4r7qw1uj,ze14il9a2r
udfmaf0rnh,dlxylc0ysd,0sv09xcgyi
t4zq1fqxds,vth6bku3jr,n1bm0wto2g
3u69dfha5u,mjjiw7e44g,njlufygb9r
oeeeokbgcc,cmyme6ns86,3vl98fnoku
5jlc945gbb,aggvq3dw70,zgeqvl66gn
lg7ctbpvlh,1fdne2keqx,1s4ho50fjr
k6hdfevruu,b76s1g3tvr,52t7dt2sc0
4dxq1w5kib,sydncupv2o,ahiwwruy0k
3swiuf81xc,ohzvdph4pp,45y143ymtr
lfujz4gp4b,rikye9y0cp,1s4ho50fjr
i3ggqfbn3z,2rkymfi845,wu7alijt8y
8j6yfp309u,l4oyam50zk,jxeo7se0zh
bldbc0id2b,yiya6c7c8k,mmk3bvby8k
j2esj7m5wj,cq19sbz7qx,ycot6gjgc1
gmaal1wrpe,t8j9wc9r4c,nivkx7mgot
2v705vr7t2,optq11rsib,e4ep4qwija
jv46sdp1h8,tdz62zseml,6941rniuw7
w8m4pjsdwc,vrrz2g063l,ezge70jqhy
9gc1f29w08,dsc2oobaw1,qqjkskcwld
oseyjtbg5e,covwjv53yv,g69anp4ub1
rrxpdr79sn,daxspbxnq9,pues9ak9yt
zcwc4omusm,bzsxzlxyh9,0w3e8nizcw
e1ns804yob,3njlj83g9k,kcvhr794m2
u9hpmz0jep,m8t5lrlmbv,1196nbels6
t52xjkzizo,09fq4ohsjx,1196nbels6
by1h27jq20,uonxuhwh73,u8kagv75i2
a8jh0ax3yd,3d9gn1zaor,s65ce41bis
vth6bku3jr,p1znxzjxd9,74qqm4ef2q
btg7dt4ubc,0r28o7t5mj,7lpyysb68c
zekfvqx6qb,ygh1foj9yn,jtt4sbpr16
wmcyks3k0q,6dbg4l3blq,mmk3bvby8k
35mhmuxl6w,7j0noxzftu,ye9ehofb3o
zlrrc7wd6g,wf2st5yro9,6941rniuw7
bcrkm12ris,rwnymull5j,wqhymvqpwm
jvt053bfu6,arrydkyrfq,410znshdwb
6d3km5eiyg,9427qd9afz,7kuhf7vzyw
6d3km5eiyg,9427qd9afz,ezge70jqhy
35mhmuxl6w,qb7cmxfn7w,m2fd2g2161
kh3t9p07rb,qccx600dmb,swpxddbk1d
5bi7d42nk1,u6ws8hjtet,mmk3bvby8k
347oad1bi5,h30gvmya96,4jgz5qt1lo
g4ysz6gmzv,lhwi7l92oo,ba15iez6n4
m7eat86gfe,g30nn28ud9,f2unzoi71t
1h9cx0phg9,l9334aevv6,97f2w7761f
sp329xrrwx,vql3o59eli,n1bm0wto2g
t2i6ythslb,qiiiow492w,8l6qdx92rj
w64oxw1rwz,8er1z8qd08,1zpjgy5ntt
op09n0ea0z,wjx31wkzr1,xqk5b10n09
g2edowsia2,kqrl9sbykp,n4v6y2zi39
s2hit8p6v0,m8n2ijch12,24o3rtwo2e
y5kc200uvm,n4sunfbe58,0sv09xcgyi
fexw0vi18k,3totldb00l,kcvhr794m2
v2zeufvutu,a7zfkpoju7,pues9ak9yt
0fi41k5m16,fihsuhiroq,1zpjgy5ntt
lvr540ap4w,j58c6uol3u,4jgz5qt1lo
btg7dt4ubc,3kdpdzk060,wqhymvqpwm
508ibizhh6,ouyt5wdv0j,74qqm4ef2q
6gas2hnzr2,31o7il47jb,ze14il9a2r
y0cq65zt4w,umfdykdhxm,4jgz5qt1lo
ouyt5wdv0j,jf4t5i947g,e4ep4qwija
w1osl71fpl,hiufh0ekk6,aftejxgzdr
26xummccy2,goq1a6dq7v,6941rniuw7
r84m3r4u7z,ngg2lc6w33,1uo3qn1lc7
m65a2gr5mg,nij9llgeao,e9xiii9w5w
ewu5luxucm,wf2st5yro9,b32uw1kdwp
tdhoid2evh,t4o7bpaz3c,kcvhr794m2
t4o7bpaz3c,a8jh0ax3yd,zgeqvl66gn
v40s3hpib8,daxspbxnq9,m2fd2g2161
hpfq2xcz1r,0htq64ge18,t25vxbvssf
mrvzrriuhu,gfqojkjw2m,b32uw1kdwp
17cz1hq6t5,19l2ylo00w,u8kagv75i2
fu98vy03xb,9427qd9afz,swpxddbk1d
iaho489hir,ly0ti6vbhr,52t7dt2sc0
xbf35ap7dg,36qxtkxbqb,24o3rtwo2e
t37dmq3ebm,ypipxuzq5t,n1bm0wto2g
wjx31wkzr1,1fdne2keqx,l6octqbreu
k3ch7wv1wo,ulngyfnd28,u6xad99gv0
daosnbtho1,ob34epennm,s5lvqnvg7t
sp329xrrwx,vql3o59eli,m9l6ot0jta
jkv0n8qwwq,kkvtu98svn,1uo3qn1lc7
yogwzb9eov,rs2xikhhyz,ye9ehofb3o
gmaal1wrpe,lcixewm6tl,f2unzoi71t
mzwjk9g6oq,ro0jh02jrx,xna63kz722
kqrl9sbykp,vywum7t5md,o1ikz1bvgt
zr1yabrc7m,ic7yz9bmvw,woe684beu4
8yq903qch3,ouyt5wdv0j,xnwq6360s4
hgsa1ynuyy,jojh4h3qeq,5rhn09nzx8
bfqahwxjqi,e39k0y5cvd,woe684beu4
yrx1bo4338,w1ikx1cpcm,woe684beu4
nd59fieoek,l9334aevv6,xnwq6360s4
j1id6b8pn4,vgvrv3b9qv,n4v6y2zi39
w1ikx1cpcm,hdka5listm,wgwe7dfizl
19ys5kvqyu,ozpmio6wsk,5rhn09nzx8
lpbk9kf1g3,mfvqtyru8w,gvwoqo3fb5
e7wla6wnt3,xkat7kjln8,oey9kf47vw
ogtzgdc7s1,pe17ava8ru,xnwq6360s4
hdka5listm,36qxtkxbqb,8l6qdx92rj
qe1jb6gbpj,8lb9fr1fxm,nfijpgpnad
zlrrc7wd6g,6a1dyeridm,6941rniuw7
plxl3j5w8f,fu6e6nsh3k,4ecbg5bo6h
ssqanoo3af,rjgjwhbafr,jtt4sbpr16
fcftt9whbl,pfgmct1qf6,q8h8qjepjs
e1ns804yob,wa7okl6kr1,vanry76qja
b4jnvdf67q,7m61quoolc,gvwoqo3fb5
fihsuhiroq,tqkzbely0f,05euemf0cz
dsc2oobaw1,7iemoycs16,zy9kwyjpjw
9bqutb5n7l,uwfiu26q70,dx1b0t5lyo
4935r6hqp7,whrligz2dg,e4ep4qwija
vhgedn4gco,u05yh2j998,k38jbn40fl
7j0noxzftu,j4qho03xqq,qxzqfdw0b0
jg7664fvwq,bciug9wmy5,1196nbels6
7iemoycs16,ildk2j519g,m2fd2g2161
d6nl6lcnew,t4eth5dmgl,zgeqvl66gn
urodurflg3,krtzxppm0i,zgeqvl66gn
gllh8kysgp,2rkymfi845,gnrp9f0d0f
5g8ky2uefe,vrbpk2s7u7,b32uw1kdwp
daosnbtho1,jzgqyzi021,mvr8cnlyn9
yjibelcux7,hk81mb2f8w,qxzqfdw0b0
98e4ui8jnc,oio93csm8m,j94ivpzzrz
5bi7d42nk1,u6ws8hjtet,kwqgogr8os
udilxedfve,9brupbdcbo,s5lvqnvg7t
5d3qus594b,yvqwq27ct2,ahiwwruy0k
oh3ap55dc1,25vjedddoz,prnoqh06vy
bisjkw76q8,4hujqhd549,dx1b0t5lyo
tbq8dwywi6,o7u9nni2yj,jtt4sbpr16
mfvqtyru8w,u3ejohjz38,dx1b0t5lyo
vcukul56lg,tnjk0vh6n3,n4v6y2zi39
i3ggqfbn3z,2rkymfi845,xnwq6360s4
q3i44bhe31,rkl2ocfozz,wgwe7dfizl
t37dmq3ebm,eiqzi6s0el,9d0zc26x5g
bldbc0id2b,yiya6c7c8k,9d0zc26x5g
3qhg9f4ik1,q0dfv08qdd,l7d48g5n4e
fridnhzmm3,v0f5hg5l8k,410znshdwb
2m5mwizlj6,4xohp5l1ow,t25vxbvssf
qrtw3oohf2,l4lntyjkdk,s65ce41bis
oun4u4cv5w,6d3km5eiyg,kcvhr794m2
ebbhbz887a,lm97j6ddul,q5gxxbxhyp
t37dmq3ebm,ypipxuzq5t,5rhn09nzx8
0rnm3jgmz3,gm8ry42ly4,cn7is2c7ra
9r2olz4hrr,y81p27fb0k,of6k0a0ofp
do6j3dxt3p,eacs7eodq4,pues9ak9yt
8er1z8qd08,a1z3gi3669,oey9kf47vw
jwxssu5z1k,seduuobl4u,woe684beu4
ob34epennm,xbf35ap7dg,gzwlrht8l1
wpak0nwlw3,eyyhgfcrhp,74qqm4ef2q
fe10c5044i,9g5suspox6,jtt4sbpr16
ehwbwwlaox,z95g49wvga,u8kagv75i2
u5b8mtvpky,opy8q5yn8g,kcvhr794m2
fyo2srp68i,zdg6dk84gt,0sv09xcgyi
m2ky3kkes0,ytb2gm69ao,dx1b0t5lyo
fw3m7rr3ck,gxg650hpk5,gvwoqo3fb5
fubcuhg04y,goq1a6dq7v,s65ce41bis
nigt9m5cmb,txi20l8lz3,0w3e8nizcw
rbhrcaqz7z,phma19q1x3,n1bm0wto2g
u9hpmz0jep,m8t5lrlmbv,prnoqh06vy
789385assr,mfvqtyru8w,j94ivpzzrz
v8oet86pvt,8yso7x5r1v,9d0zc26x5g
tnhqq25or9,y6s4h3ebw8,7azl3uvtcm
36qxtkxbqb,r52kpa5dv2,ze14il9a2r
ram2xz922y,0nywujx2eu,0sv09xcgyi
wskg2hnlrg,ivs9y64u28,8nqbuknlcn
n7gbzg8xoj,prvzgstcis,e4ep4qwija
j58c6uol3u,hqgmko1fg6,0w3e8nizcw
0fi41k5m16,fihsuhiroq,e9xiii9w5w
n7gbzg8xoj,h0zv4alliy,97f2w7761f
lpbk9kf1g3,mfvqtyru8w,q5gxxbxhyp
fridnhzmm3,8p24zi0e7b,410znshdwb
bhn5sku44s,j3b74z60po,nivkx7mgot
ec8vt1jlox,kf9wtlmh5b,swpxddbk1d
8bow72n40d,59xif9z6yt,7azl3uvtcm
cwnk3vthsi,tn53ls784x,0sv09xcgyi
saxt3lhr7j,ovgf2914n4,woe684beu4
ifslqbbtab,t2i6ythslb,dx1b0t5lyo
1dwvu23ci8,iz3nc0oqpx,o1ikz1bvgt
ghkz0ofcz3,9ugwc3xs6i,5b4vsiz8z9
ywyfm8dufg,goq1a6dq7v,zy9kwyjpjw
gwe7rm4zmf,r40spkjcxx,m2fd2g2161
5kvmpiz4yd,ybu07m6wpc,nfyaz99hc4
rcdg5rdzmx,qe1jb6gbpj,8l6qdx92rj
prs6uts1gt,t89bt4hb7z,wqhymvqpwm
j58c6uol3u,hqgmko1fg6,gzwlrht8l1
73x48wsfo4,5x9g4laya5,dx1b0t5lyo
um3jfm8n3o,rikye9y0cp,6941rniuw7
0fi41k5m16,ewu5luxucm,q5gxxbxhyp
fexw0vi18k,vth6bku3jr,q5gxxbxhyp
ywik7erymp,nd8k7q80ni,n4v6y2zi39
9ugwc3xs6i,5a02oklpo7,jtt4sbpr16
th1ap3lcr3,udilxedfve,ze14il9a2r
zr1yabrc7m,wmcyks3k0q,dx1b0t5lyo
108c64faac,9d9ghj1dnd,74qqm4ef2q
cipoyxvd0u,wjx31wkzr1,74qqm4ef2q
fhupg3l6g1,lgpw7cv9po,j94ivpzzrz
73x48wsfo4,5x9g4laya5,9h3vj0wqhx
daosnbtho1,jzgqyzi021,njlufygb9r
mzwjk9g6oq,xocgw3mtsg,xna63kz722
5xtefzgla3,294lbwnt1e,n4v6y2zi39
687dheubd1,zr1yabrc7m,pues9ak9yt
oofoqb7hh7,3swiuf81xc,u8kagv75i2
bm5kgtsp3o,cmyme6ns86,m2fd2g2161
347oad1bi5,1t2hjvudv2,g69anp4ub1
bamjnsuwi1,djf4ubosim,0r6wl48len
q3xzqp4aru,b9947kbbbs,1zpjgy5ntt
fy9ykobzg2,ozpmio6wsk,n4v6y2zi39
ywyfm8dufg,goq1a6dq7v,1196nbels6
2yn0dpljwk,7bsabcgc6w,u8kagv75i2
t4zq1fqxds,vth6bku3jr,b32uw1kdwp
cicbo7mo4e,vajafvv2mp,ye9ehofb3o
noztufx0bh,294lbwnt1e,kcvhr794m2
19ys5kvqyu,ozpmio6wsk,efsbkrwbq6
hdka5listm,cu9ysa13eh,nfijpgpnad
bhx5nseqo5,9bqutb5n7l,wu7alijt8y
ebbhbz887a,lz45mox4x8,j94ivpzzrz
i1d609saoj,5kthfowqt9,0sv09xcgyi
knzm93uzdr,ry9k9k65ni,ba4hie61hb
8j6yfp309u,l4oyam50zk,h6tt9ptgmp
8bow72n40d,59xif9z6yt,pues9ak9yt
g30nn28ud9,zf9poy3pkw,74qqm4ef2q
5bi7d42nk1,u6ws8hjtet,qqjkskcwld
5wj2b7zdsc,dfx4pf5fxw,zgeqvl66gn
n5pvdufm7d,pe17ava8ru,5b4vsiz8z9
8fkea4ewfe,ozpmio6wsk,g69anp4ub1
cmyme6ns86,ph4r7qw1uj,ba15iez6n4
mfvqtyru8w,u3ejohjz38,wu7alijt8y
1nsdcvxiqk,6boolnpqd0,nnlupejcii
qccx600dmb,5c7wxglaaa,dx1b0t5lyo
6utji8hje9,iqmuac176f,l6octqbreu
oseyjtbg5e,covwjv53yv,9h3vj0wqhx
195vebkf19,j2a6ki6y7o,qxzqfdw0b0
7xjm0wqvjr,8mshal083w,afcoa5s9xb
zcwc4omusm,bzsxzlxyh9,cn7is2c7ra
qz64lz3iz3,2187et43ep,jtt4sbpr16
ram2xz922y,0nywujx2eu,h6tt9ptgmp
5jlc945gbb,aggvq3dw70,9d0zc26x5g
enq5bkke65,arrydkyrfq,ye9ehofb3o
31gtaivovi,cm2n7najp3,e4ep4qwija
108c64faac,9d9ghj1dnd,7kuhf7vzyw
h0zv4alliy,fgpcmhjifx,njlufygb9r
q04oyaqyo0,bs1mbjbvoy,kcvhr794m2
4dxq1w5kib,sydncupv2o,e4ep4qwija
ggva0fglfz,r52kpa5dv2,74qqm4ef2q
vebeu1fidc,4rgs5p9id1,zy9kwyjpjw
ozak8dktie,ffwfyz0mv5,5b4vsiz8z9
ram2xz922y,0nywujx2eu,f2unzoi71t
zlrrc7wd6g,6a1dyeridm,gnrp9f0d0f
lcixewm6tl,0r28o7t5mj,u6xad99gv0
zr1yabrc7m,wmcyks3k0q,05euemf0cz
xlvrl449oc,iaho489hir,nnlupejcii
nij9llgeao,ykdtpam2v1,kwqgogr8os
q04oyaqyo0,fu6e6nsh3k,8nqbuknlcn
hi8hxxrxde,ph4r7qw1uj,zgeqvl66gn
ruwapz3ble,h888rs4uuv,1zpjgy5ntt
ku0pi5n3v6,jbh1pcrqyh,wgwe7dfizl
vk3ym05mkz,8yse6xqsn4,1s4ho50fjr
m65a2gr5mg,he06obafcj,cn7is2c7ra
bq74rcbj8b,h888rs4uuv,97f2w7761f
vrrz2g063l,daxspbxnq9,wgwe7dfizl
ssqanoo3af,rjgjwhbafr,swpxddbk1d
mk2e1zrq1w,f6bt6nx7dy,pues9ak9yt
kpncd6e2p2,iz3nc0oqpx,oey9kf47vw
1ex1a00wuv,i8zky31cw1,wqhymvqpwm
gx170jrbrb,0tkfg3bski,of6k0a0ofp
enq5bkke65,arrydkyrfq,njlufygb9r
ouyt5wdv0j,wotap0h16b,jtt4sbpr16
ywik7erymp,nd8k7q80ni,ze14il9a2r
py6u3kntiv,0llevokdal,wu7alijt8y
rnihz44bnc,wskg2hnlrg,j94ivpzzrz
j1id6b8pn4,l9334aevv6,efsbkrwbq6
y78urnyvq1,b4prcuzg8d,aftejxgzdr
7j0noxzftu,j4qho03xqq,7azl3uvtcm
xmlzba1pdr,frmk95e33s,3vl98fnoku
zcwc4omusm,bzsxzlxyh9,swpxddbk1d
vcukul56lg,vk3ym05mkz,wu7alijt8y
h7bkri4uao,hj9po4qznd,8l6qdx92rj
h888rs4uuv,81lt8uppun,6941rniuw7
wpak0nwlw3,qdww5t6rp4,mvr8cnlyn9
yjibelcux7,ytb2gm69ao,njlufygb9r
8fig6fale3,n5fpfha87x,xna63kz722
fridnhzmm3,rdh3nx47sf,n4v6y2zi39
dnyhu57vss,294lbwnt1e,asx9gi15m7
8yq903qch3,m65a2gr5mg,woe684beu4
yw1xxvaacy,ulv6j9a90q,5rzn54u008
udilxedfve,9brupbdcbo,j94ivpzzrz
p1gyyouseg,tm2tjgb5ph,m2fd2g2161
hiufh0ekk6,7wmpjotjl9,0r6wl48len
rrxpdr79sn,daxspbxnq9,ycot6gjgc1
q6u2ikp99q,h0zv4alliy,6jtcks3h4g
0xcvzbxjlv,gv23inmycl,j94ivpzzrz
bdgx8ha0wb,e8cnutnlm5,kcvhr794m2
wbhbp480vs,1fdne2keqx,o1ikz1bvgt
dlxylc0ysd,abaukk6iq1,aftejxgzdr
xucebxvdis,hzxmk1bowi,8nqbuknlcn
10cf3cpj64,b8384t82s3,bemtfu0jjz
m2qwuz01p2,dsc2oobaw1,zgeqvl66gn
kp4zkgxk3g,10cf3cpj64,m9l6ot0jta
rnihz44bnc,wskg2hnlrg,7kuhf7vzyw
ec8vt1jlox,zmbkd01v1y,dx1b0t5lyo
jkv0n8qwwq,kkvtu98svn,q5gxxbxhyp
zo2c63ut26,9gc1f29w08,7lpyysb68c
7phvypzdaa,kavf2hbysd,ze14il9a2r
l26uw2o289,hey9o5fz5o,97f2w7761f
v2zeufvutu,a7zfkpoju7,f2unzoi71t
j2j1zflua7,tsth0gysra,nnlupejcii
bfqahwxjqi,l9334aevv6,u8kagv75i2
fdxjloas24,ohwnxlm6gp,52t7dt2sc0
62j5wonoww,j2j1zflua7,efsbkrwbq6
yrx1bo4338,w1ikx1cpcm,8l6qdx92rj
i7hkci7rso,bhx5nseqo5,0sv09xcgyi
t89bt4hb7z,wl4u4wp50b,k38jbn40fl
yjibelcux7,hk81mb2f8w,of6k0a0ofp
rbhrcaqz7z,phma19q1x3,0r6wl48len
y0cq65zt4w,umfdykdhxm,5rhn09nzx8
62j5wonoww,hgcvor5gjq,s5lvqnvg7t
tqkzbely0f,bfqahwxjqi,e4ep4qwija
bm5kgtsp3o,cmyme6ns86,ba4hie61hb
tx89yssf2o,n4sunfbe58,g69anp4ub1
9h1ur140ub,99z5k15864,gvwoqo3fb5
rrxpdr79sn,daxspbxnq9,3mgv0jyllz
i3ggqfbn3z,2rkymfi845,aftejxgzdr
6ucpesq8vq,mjjiw7e44g,s65ce41bis
mzwjk9g6oq,ro0jh02jrx,b32uw1kdwp
yjibelcux7,hk81mb2f8w,nfyaz99hc4
zdg6dk84gt,2lw110xgf9,jtt4sbpr16
66x3luhkmp,4b3vw73g7v,4jgz5qt1lo
6daf8aoibw,3ikan0yfy6,m2fd2g2161
r2kkanqzny,tbq8dwywi6,3vl98fnoku
vajafvv2mp,nij9llgeao,1uo3qn1lc7
cpzr0jqeth,vgvrv3b9qv,74qqm4ef2q
nigt9m5cmb,txi20l8lz3,m2fd2g2161
8gjzto4xzt,57x88q6iu9,74qqm4ef2q
t4o7bpaz3c,36qxtkxbqb,7kuhf7vzyw
mzwjk9g6oq,jbh1pcrqyh,ba15iez6n4
lg7ctbpvlh,1fdne2keqx,ze14il9a2r
2yl4aufuzr,tm7hqirjyv,ezge70jqhy
fe10c5044i,9g5suspox6,qxzqfdw0b0
bfqahwxjqi,l9334aevv6,nfyaz99hc4
prs6uts1gt,t89bt4hb7z,pues9ak9yt
lyhe0edypo,f0680hf3ul,prnoqh06vy
4ogau2kzym,kpncd6e2p2,xna63kz722
n5pvdufm7d,9gc1f29w08,e4ep4qwija
508ibizhh6,stvlaskb22,xnwq6360s4
e39k0y5cvd,knxv036bk4,45y143ymtr
hdka5listm,ohwnxlm6gp,e9xiii9w5w
5ftm6w1kp6,vrxrn8xma3,410znshdwb
gr9ooz9itf,q3i44bhe31,130bm8k0l8
tnjk0vh6n3,687dheubd1,xna63kz722
ngovgtk5zi,r84m3r4u7z,1196nbels6
7rt2aaqtmi,jojh4h3qeq,9h3vj0wqhx
qz64lz3iz3,d1o4frxcgo,ahiwwruy0k
74x594bq9c,9rgt3m8q8y,jtt4sbpr16
q3xzqp4aru,3aaw8fgcik,8l6qdx92rj
wjx31wkzr1,1fdne2keqx,0w3e8nizcw
mjjiw7e44g,luiuojsme7,ol54pixkbx
noztufx0bh,294lbwnt1e,4ecbg5bo6h
ssqanoo3af,rjgjwhbafr,1zpjgy5ntt
tr1e196prg,2lw110xgf9,8l6qdx92rj
ec8vt1jlox,prs6uts1gt,97f2w7761f
obmm04wjuk,ehwbwwlaox,ye9ehofb3o
j1id6b8pn4,l9334aevv6,ze14il9a2r
17cz1hq6t5,19l2ylo00w,4jgz5qt1lo
q0dfv08qdd,3totldb00l,g69anp4ub1
jbh1pcrqyh,zmbkd01v1y,jtt4sbpr16
deyln96494,789385assr,1196nbels6
f3rmq6a42s,e1ns804yob,4jgz5qt1lo
hwpkpee2xc,uhqbrittwu,zgeqvl66gn
tsth0gysra,r5m2m5eerp,bemtfu0jjz
7olpzseuat,ioq5tjrnfi,m7ala280of
plxl3j5w8f,fu6e6nsh3k,cn7is2c7ra
6dbg4l3blq,iyppjude5y,zy9kwyjpjw
1ex1a00wuv,i8zky31cw1,q8h8qjepjs
d5vwypga86,ykdtpam2v1,nfyaz99hc4
2m5mwizlj6,4xohp5l1ow,6941rniuw7
orcsk0nlhu,2187et43ep,3vl98fnoku
h0zv4alliy,fgpcmhjifx,1zpjgy5ntt
bhx5nseqo5,9bqutb5n7l,ezge70jqhy
plxl3j5w8f,fu6e6nsh3k,q5gxxbxhyp
9hwsirqcwy,rdh3nx47sf,aftejxgzdr
6dbg4l3blq,ulngyfnd28,u8kagv75i2
iwolns7uit,i1d609saoj,ezge70jqhy
zlrrc7wd6g,wf2st5yro9,dx1b0t5lyo
a1yy40ujan,9985mpxd27,52t7dt2sc0
t4o7bpaz3c,36qxtkxbqb,ze14il9a2r
e1ns804yob,3njlj83g9k,jtt4sbpr16
yiya6c7c8k,olqx7hk5me,3vl98fnoku
umfdykdhxm,4uwqttlzps,410znshdwb
7wd5xlklsr,odmx2juq41,asx9gi15m7
2yn0dpljwk,3j29jcl6cu,kcvhr794m2
ioq5tjrnfi,knzm93uzdr,kcvhr794m2
fridnhzmm3,pe17ava8ru,0r6wl48len
kpwae9a5zf,ds2el0hh5l,u6xad99gv0
r84m3r4u7z,ngg2lc6w33,vanry76qja
7rfwnr6bsn,ghkz0ofcz3,7kuhf7vzyw
z2ttmq5f3i,ajgc4bo6o3,f2unzoi71t
39xmts71v5,x31slqc36c,wu7alijt8y
j58c6uol3u,35mhmuxl6w,ol54pixkbx
9g5suspox6,56vdlij7d9,xna63kz722
b4jnvdf67q,el07hh4p9d,u6xad99gv0
ulngyfnd28,10cf3cpj64,t25vxbvssf
gx170jrbrb,0tkfg3bski,g69anp4ub1
ccjk4fib9i,f3rmq6a42s,q8h8qjepjs
74x594bq9c,9rgt3m8q8y,g69anp4ub1
5idejnvkzb,3j29jcl6cu,l6octqbreu
xbf35ap7dg,dkq7uwsxnt,e9xiii9w5w
6utji8hje9,bamjnsuwi1,jxeo7se0zh
8yq903qch3,m65a2gr5mg,130bm8k0l8
hiufh0ekk6,n9lubgpfvz,0w3e8nizcw
ybelydl25g,ok8szf3gpk,ye9ehofb3o
u9cg8c1573,0htq64ge18,0r6wl48len
zgytdrojyl,ilaetbxo6v,t25vxbvssf
iaho489hir,cu9ysa13eh,nivkx7mgot
m7eat86gfe,74x594bq9c,05euemf0cz
5ftm6w1kp6,vrxrn8xma3,h6tt9ptgmp
195vebkf19,j2a6ki6y7o,ze14il9a2r
w8m4pjsdwc,l07dopgbav,bemtfu0jjz
tzl0qzywnr,98e4ui8jnc,swpxddbk1d
ue2kw4qvc2,q9xahp3132,74qqm4ef2q
5d3qus594b,6utji8hje9,wgwe7dfizl
347oad1bi5,h30gvmya96,wgwe7dfizl
goq1a6dq7v,0uanaa7gmh,ze14il9a2r
xrgktak9z7,zgytdrojyl,1uo3qn1lc7
02c4li45yc,krtzxppm0i,97f2w7761f
kpncd6e2p2,piwbv2o5p6,swpxddbk1d
kh3t9p07rb,qccx600dmb,s5lvqnvg7t
g30nn28ud9,zf9poy3pkw,kwqgogr8os
3swiuf81xc,jkv0n8qwwq,zgeqvl66gn
1dwvu23ci8,35mhmuxl6w,45y143ymtr
ozpmio6wsk,he06obafcj,efsbkrwbq6
vebeu1fidc,t4eth5dmgl,8nqbuknlcn
f3f5bqenuo,4hujqhd549,130bm8k0l8
1ex1a00wuv,i8zky31cw1,swpxddbk1d
43aveknkan,sydncupv2o,of6k0a0ofp
deyln96494,tn53ls784x,afcoa5s9xb
ytqbpxvfz5,pmmfg2fbft,b32uw1kdwp
ef7ceoicta,wpak0nwlw3,ba15iez6n4
8gjzto4xzt,57x88q6iu9,gvwoqo3fb5
74615y5txt,9h1ur140ub,s65ce41bis
fridnhzmm3,rdh3nx47sf,7azl3uvtcm
k6hdfevruu,7zpbswbqx1,jtt4sbpr16
yrx1bo4338,w1ikx1cpcm,efsbkrwbq6
gtlrvr8i6l,noztufx0bh,q5gxxbxhyp
9g5suspox6,56vdlij7d9,8l6qdx92rj
lob4hn2sts,jvt053bfu6,1uo3qn1lc7
4935r6hqp7,n5pvdufm7d,ba4hie61hb
3u69dfha5u,mjjiw7e44g,3vl98fnoku
r84m3r4u7z,ngg2lc6w33,f2unzoi71t
py6u3kntiv,vhgedn4gco,nivkx7mgot
5kthfowqt9,j2a6ki6y7o,9h3vj0wqhx
fv71t3diwl,t37dmq3ebm,0r6wl48len
t4o7bpaz3c,a8jh0ax3yd,b32uw1kdwp
ydq24ux449,1hk2r8pgpp,u8kagv75i2
nai75ty88e,wlgjajpy26,of6k0a0ofp
m65a2gr5mg,gwe7rm4zmf,t25vxbvssf
krtzxppm0i,ie97wghbra,g69anp4ub1
xrgktak9z7,zgytdrojyl,1s4ho50fjr
plxl3j5w8f,kauvnb9099,1196nbels6
xrgktak9z7,8yse6xqsn4,nnlupejcii
39xmts71v5,508ibizhh6,kcvhr794m2
4xohp5l1ow,gm8ry42ly4,qqjkskcwld
xrgktak9z7,teyp29jkf1,74qqm4ef2q
9nck718xu1,7w5gnttm26,mmk3bvby8k
7m61quoolc,seduuobl4u,05euemf0cz
t4zq1fqxds,vth6bku3jr,k38jbn40fl
195vebkf19,y23myolcvh,k38jbn40fl
rrxpdr79sn,daxspbxnq9,m9l6ot0jta
7phvypzdaa,kavf2hbysd,n1bm0wto2g
6ucpesq8vq,mjjiw7e44g,q5gxxbxhyp
oseyjtbg5e,t9if190vzm,dx1b0t5lyo
6dbg4l3blq,ulngyfnd28,1s4ho50fjr
t37dmq3ebm,eiqzi6s0el,zgeqvl66gn
vymmxaxw6m,dfx4pf5fxw,oey9kf47vw
b4jnvdf67q,el07hh4p9d,05euemf0cz
hjut3ks6uo,0llevokdal,woe684beu4
vymmxaxw6m,dfx4pf5fxw,4ecbg5bo6h
4dxq1w5kib,sydncupv2o,s65ce41bis
6dbg4l3blq,ulngyfnd28,o1ikz1bvgt
mjjiw7e44g,luiuojsme7,6jtcks3h4g
py6u3kntiv,vhgedn4gco,t25vxbvssf
v40s3hpib8,rwnymull5j,5rhn09nzx8
xrgktak9z7,8yse6xqsn4,n1bm0wto2g
oun4u4cv5w,6d3km5eiyg,qqjkskcwld
ec8vt1jlox,prs6uts1gt,45y143ymtr
4e7di3iqft,3cpfl0r4wn,l6octqbreu
3qahen9ljw,5v8e22wh2w,aftejxgzdr
btg7dt4ubc,3kdpdzk060,74qqm4ef2q
ywyfm8dufg,goq1a6dq7v,wgwe7dfizl
ynwiihwkb1,9ugwc3xs6i,efsbkrwbq6
9rgt3m8q8y,qccx600dmb,m2fd2g2161
prs6uts1gt,t89bt4hb7z,ze14il9a2r
jwxssu5z1k,seduuobl4u,m9l6ot0jta
6ucpesq8vq,yl09cw1rsj,9d0zc26x5g
hdka5listm,ohwnxlm6gp,5rzn54u008
zu5j4ocsdb,w7r02po1wx,7kuhf7vzyw
txi20l8lz3,f306f1m90u,3mgv0jyllz
r2kkanqzny,ct20q9wu8k,5rhn09nzx8
vajafvv2mp,hgcvor5gjq,ol54pixkbx
sluc38p8wu,1ta6wyufv8,j94ivpzzrz
ytqbpxvfz5,pmmfg2fbft,oey9kf47vw
urodurflg3,krtzxppm0i,4jgz5qt1lo
4m8javuc3q,5g8ky2uefe,ahiwwruy0k
687dheubd1,4mmszdexal,05euemf0cz
ghkz0ofcz3,kktp6cz8hx,3vl98fnoku
8y9euyzpmn,i9b01hjmev,asx9gi15m7
ram2xz922y,0nywujx2eu,3mgv0jyllz
knzm93uzdr,ry9k9k65ni,5rzn54u008
bhn5sku44s,kauvnb9099,nfijpgpnad
deyln96494,tn53ls784x,woe684beu4
ilykm17clb,p1gyyouseg,5rzn54u008
39xmts71v5,508ibizhh6,njlufygb9r
kqrl9sbykp,vywum7t5md,1196nbels6
kqrl9sbykp,vywum7t5md,aftejxgzdr
dmc5akgk7n,jopmeq0qal,e4ep4qwija
5idejnvkzb,3j29jcl6cu,jxeo7se0zh
iwolns7uit,i1d609saoj,l6octqbreu
r5m2m5eerp,j97r2c9twu,l6octqbreu
z859coozxf,mosu2r2h0s,ze14il9a2r
j58c6uol3u,35mhmuxl6w,s65ce41bis
ifslqbbtab,t2i6ythslb,s5lvqnvg7t
q9uxc531x8,rnihz44bnc,afcoa5s9xb
ka44vyojg0,jpuom2s460,xna63kz722
arecl3srzx,b8384t82s3,efsbkrwbq6
ka44vyojg0,jpuom2s460,7lpyysb68c
l26uw2o289,hey9o5fz5o,6941rniuw7
plxl3j5w8f,fu6e6nsh3k,afcoa5s9xb
17cz1hq6t5,4m8javuc3q,0w3e8nizcw
xucebxvdis,hzxmk1bowi,ezge70jqhy
xf61mzfky4,kavf2hbysd,nnlupejcii
r5m2m5eerp,j97r2c9twu,dx1b0t5lyo
lfujz4gp4b,rikye9y0cp,bemtfu0jjz
30szhlfltw,cmyme6ns86,jxeo7se0zh
ic6yky3cq3,58ld3l74ib,b32uw1kdwp
tnz5o75h6c,b9947kbbbs,ye9ehofb3o
d6nl6lcnew,t4eth5dmgl,afcoa5s9xb
r3dgcodd20,ydq24ux449,7lpyysb68c
i3ggqfbn3z,pmmfg2fbft,kcvhr794m2
15lds1o5yc,jwxssu5z1k,nivkx7mgot
15lds1o5yc,jwxssu5z1k,ye9ehofb3o
t4o7bpaz3c,a8jh0ax3yd,h6tt9ptgmp
ilykm17clb,qnl3gz9dqg,bemtfu0jjz
atm6fpwolq,v2zeufvutu,oey9kf47vw
73x48wsfo4,5x9g4laya5,o1ikz1bvgt
prs6uts1gt,t89bt4hb7z,52t7dt2sc0
7wd5xlklsr,odmx2juq41,gnrp9f0d0f
qln7b6tia7,sfo4o5ngwp,24o3rtwo2e
wf2st5yro9,qccx600dmb,l7d48g5n4e
obmm04wjuk,d48oeklglb,oey9kf47vw
e39k0y5cvd,knxv036bk4,b32uw1kdwp
mrvzrriuhu,gfqojkjw2m,7azl3uvtcm
u5b8mtvpky,opy8q5yn8g,0sv09xcgyi
rrxpdr79sn,daxspbxnq9,e4ep4qwija
lvr540ap4w,j58c6uol3u,qqjkskcwld
74615y5txt,9h1ur140ub,u8kagv75i2
t4o7bpaz3c,36qxtkxbqb,wqhymvqpwm
tzl0qzywnr,98e4ui8jnc,xqk5b10n09
bfqahwxjqi,l9334aevv6,nnlupejcii
mzwjk9g6oq,jbh1pcrqyh,3vl98fnoku
i8zky31cw1,j58c6uol3u,3mgv0jyllz
b4jnvdf67q,1ta6wyufv8,3mgv0jyllz
17cz1hq6t5,4m8javuc3q,swpxddbk1d
2yl4aufuzr,tm7hqirjyv,h6tt9ptgmp
optq11rsib,v8oet86pvt,ycot6gjgc1
xbf35ap7dg,dkq7uwsxnt,f2unzoi71t
bldbc0id2b,yiya6c7c8k,74qqm4ef2q
mfvqtyru8w,8jg5jz175u,ba15iez6n4
8yso7x5r1v,31gtaivovi,0w3e8nizcw
enq5bkke65,xmcxm6r1b0,bemtfu0jjz
asah81sip4,xy5zghykdo,9h3vj0wqhx
8yq903qch3,ouyt5wdv0j,gnrp9f0d0f
kh3t9p07rb,vopmmyh8qk,97f2w7761f
op09n0ea0z,kiiz700liu,5b4vsiz8z9
sluc38p8wu,pvqtytjh91,zy9kwyjpjw
mrvzrriuhu,gfqojkjw2m,j94ivpzzrz
lfujz4gp4b,f3rmq6a42s,gvwoqo3fb5
mk2e1zrq1w,f6bt6nx7dy,4ecbg5bo6h
n7gbzg8xoj,h0zv4alliy,nfyaz99hc4
02c4li45yc,krtzxppm0i,5rhn09nzx8
fw3m7rr3ck,8vzjln04gj,130bm8k0l8
bfqahwxjqi,l9334aevv6,5rhn09nzx8
2rkymfi845,daxspbxnq9,efsbkrwbq6
lg7ctbpvlh,w9s51ehi85,bemtfu0jjz
5h1b2x8vck,nq273ryemt,aftejxgzdr
pe17ava8ru,hwvf4nt793,ahiwwruy0k
tnz5o75h6c,ugi3w6ie3z,9h3vj0wqhx
bldbc0id2b,yiya6c7c8k,o1ikz1bvgt
ykdtpam2v1,vrrz2g063l,m9l6ot0jta
cjbhhd0o72,0uanaa7gmh,g69anp4ub1
v3ims5c81x,vrbpk2s7u7,swpxddbk1d
73x48wsfo4,22m4q4m2kn,n4v6y2zi39
ulngyfnd28,10cf3cpj64,cn7is2c7ra
zlrrc7wd6g,fe10c5044i,5rzn54u008
bfqahwxjqi,sg1qrhw68e,1uo3qn1lc7
9bqutb5n7l,uwfiu26q70,xnwq6360s4
i9b01hjmev,bldbc0id2b,of6k0a0ofp
ob34epennm,xbf35ap7dg,410znshdwb
agxz2lnl4b,0p434m4tmv,3mgv0jyllz
vkifwcsa1w,y81p27fb0k,m7ala280of
7bsabcgc6w,dhjjyb01vp,1zpjgy5ntt
j2j1zflua7,tsth0gysra,ye9ehofb3o
cipoyxvd0u,wjx31wkzr1,j94ivpzzrz
799cehme0c,0fi41k5m16,45y143ymtr
fv71t3diwl,t37dmq3ebm,xnwq6360s4
txi20l8lz3,f306f1m90u,e9xiii9w5w
zcwc4omusm,hwvf4nt793,gzwlrht8l1
g30nn28ud9,347oad1bi5,1zpjgy5ntt
lg7ctbpvlh,1fdne2keqx,6jtcks3h4g
xmlzba1pdr,ntycvu9fuy,ba4hie61hb
j2a6ki6y7o,v3e0hmgg7b,52t7dt2sc0
7l4y567gwu,rz8n1euz49,4jgz5qt1lo
8fig6fale3,n5fpfha87x,4jgz5qt1lo
kf9wtlmh5b,8j6yfp309u,prnoqh06vy
xlvrl449oc,iaho489hir,q8h8qjepjs
r84m3r4u7z,8p24zi0e7b,m2fd2g2161
g4ysz6gmzv,dlxylc0ysd,ezge70jqhy
k1ozwr09y3,do6j3dxt3p,m2fd2g2161
pt0zvxh3i0,ugi3w6ie3z,1s4ho50fjr
q3xzqp4aru,b9947kbbbs,0w3e8nizcw
f08swhb4pu,asah81sip4,wqhymvqpwm
sydncupv2o,ct20q9wu8k,afcoa5s9xb
h888rs4uuv,6gxqbfri2r,prnoqh06vy
w1ikx1cpcm,14btjei1vf,m9l6ot0jta
7ffu2yz849,iji6ny717t,e4ep4qwija
4rgs5p9id1,vrbpk2s7u7,24o3rtwo2e
dsc2oobaw1,bfqahwxjqi,aftejxgzdr
6ucpesq8vq,yl09cw1rsj,74qqm4ef2q
cwnk3vthsi,g4bwbioyen,5b4vsiz8z9
ugi3w6ie3z,jopmeq0qal,05euemf0cz
2m5mwizlj6,0qaxic6n2r,xna63kz722
x8g97w15a5,66jde2jooe,pues9ak9yt
ouyt5wdv0j,jf4t5i947g,kcvhr794m2
cicbo7mo4e,vajafvv2mp,130bm8k0l8
5g8ky2uefe,uonxuhwh73,4ecbg5bo6h
t7lr41n52y,vql3o59eli,ye9ehofb3o
fu98vy03xb,9427qd9afz,4ecbg5bo6h
plxl3j5w8f,fu6e6nsh3k,m7ala280of
w8m4pjsdwc,vrrz2g063l,o1ikz1bvgt
lvr540ap4w,j58c6uol3u,asx9gi15m7
5ftm6w1kp6,vrxrn8xma3,f2unzoi71t
zdg6dk84gt,2lw110xgf9,8nqbuknlcn
gwe7rm4zmf,6ucpesq8vq,8nqbuknlcn
2v705vr7t2,optq11rsib,prnoqh06vy
tqkzbely0f,9427qd9afz,4jgz5qt1lo
sydncupv2o,ct20q9wu8k,k38jbn40fl
q3i44bhe31,rkl2ocfozz,ba4hie61hb
xlvrl449oc,iaho489hir,410znshdwb
i3ggqfbn3z,2rkymfi845,xqk5b10n09
9nck718xu1,arwv19n5lb,zy9kwyjpjw
3d9gn1zaor,l9334aevv6,410znshdwb
wdwp80cgn2,9s1mtboklq,1uo3qn1lc7
nai75ty88e,l2qlcxsvro,e9xiii9w5w
4vdk3omcrx,98e4ui8jnc,6941rniuw7
f08swhb4pu,asah81sip4,45y143ymtr
wvq0ybspnf,ywik7erymp,wgwe7dfizl
ruwapz3ble,h888rs4uuv,l7d48g5n4e
gx170jrbrb,0tkfg3bski,5rzn54u008
zcwc4omusm,ghqs8s76vb,efsbkrwbq6
19l2ylo00w,cjbhhd0o72,4jgz5qt1lo
lfujz4gp4b,f3rmq6a42s,ol54pixkbx
xrgktak9z7,knzm93uzdr,ycot6gjgc1
6dbg4l3blq,ulngyfnd28,gzwlrht8l1
nai75ty88e,wlgjajpy26,52t7dt2sc0
vrrz2g063l,kypbzofwbv,4ecbg5bo6h
7xjm0wqvjr,8mshal083w,wgwe7dfizl
6daf8aoibw,gx170jrbrb,ol54pixkbx
6k6r7tw4ll,q3skbcoihb,o1ikz1bvgt
u05yh2j998,a7zfkpoju7,6jtcks3h4g
hwvf4nt793,j2zl01lp3v,97f2w7761f
rkl2ocfozz,w9s51ehi85,njlufygb9r
el6tjafof8,py6u3kntiv,k38jbn40fl
yrx1bo4338,k3gdyf9iw0,6jtcks3h4g
ka44vyojg0,hwpkpee2xc,b32uw1kdwp
195vebkf19,j2a6ki6y7o,n1bm0wto2g
4m9irk670a,sluc38p8wu,oey9kf47vw
cjbhhd0o72,0uanaa7gmh,jxeo7se0zh
687dheubd1,zr1yabrc7m,nfyaz99hc4
b4jnvdf67q,el07hh4p9d,8nqbuknlcn
t4o7bpaz3c,a8jh0ax3yd,8nqbuknlcn
mfvqtyru8w,8jg5jz175u,swpxddbk1d
6k2gha8pwt,gwe7rm4zmf,pues9ak9yt
t8j9wc9r4c,0nywujx2eu,oey9kf47vw
o8gvoa8hok,lpbk9kf1g3,e4ep4qwija
ozpmio6wsk,he06obafcj,jxeo7se0zh
mzwjk9g6oq,jbh1pcrqyh,1uo3qn1lc7
kqrl9sbykp,vywum7t5md,vanry76qja
efomnru8l8,dmc5akgk7n,oey9kf47vw
b9947kbbbs,qfu6br1inr,cn7is2c7ra
bpp54v7lup,9pzucasz3d,xnwq6360s4
sydncupv2o,ct20q9wu8k,45y143ymtr
tsth0gysra,r5m2m5eerp,m7ala280of
hi8hxxrxde,3j29jcl6cu,3vl98fnoku
w1ikx1cpcm,14btjei1vf,0sv09xcgyi
kgd42zixzd,tbq8dwywi6,of6k0a0ofp
7l4y567gwu,k0x10snz00,njlufygb9r
yogwzb9eov,rs2xikhhyz,woe684beu4
iwolns7uit,8p24zi0e7b,e9xiii9w5w
6gas2hnzr2,31o7il47jb,0r6wl48len
789385assr,ggva0fglfz,nnlupejcii
ghkz0ofcz3,arecl3srzx,jxeo7se0zh
g30nn28ud9,zf9poy3pkw,b32uw1kdwp
vajafvv2mp,789385assr,5rzn54u008
hqgmko1fg6,zz85idbd1l,vanry76qja
eacs7eodq4,tm2tjgb5ph,24o3rtwo2e
t2i6ythslb,qiiiow492w,f2unzoi71t
aggvq3dw70,qm54q6zi5r,s65ce41bis
vopmmyh8qk,43me4hq3p1,gzwlrht8l1
8yq903qch3,ouyt5wdv0j,nfijpgpnad
rjgjwhbafr,x9jkbzpgim,qxzqfdw0b0
g4ysz6gmzv,lhwi7l92oo,l6octqbreu
tnz5o75h6c,ugi3w6ie3z,24o3rtwo2e
bfqahwxjqi,r5m2m5eerp,aftejxgzdr
ssqanoo3af,rjgjwhbafr,ba15iez6n4
3sc7q25ae7,srxc0ccmaj,6jtcks3h4g
7l4y567gwu,h35im6k2a2,u8kagv75i2
8t3wjlkqqs,628a3fn7t4,7azl3uvtcm
phma19q1x3,rjgjwhbafr,bemtfu0jjz
xbf35ap7dg,36qxtkxbqb,njlufygb9r
fexw0vi18k,3totldb00l,s65ce41bis
58dz2heqsi,uyh6udedst,t25vxbvssf
tiq1ahhtxw,7wd5xlklsr,ahiwwruy0k
73x48wsfo4,5x9g4laya5,410znshdwb
noztufx0bh,294lbwnt1e,t25vxbvssf
ywik7erymp,nd8k7q80ni,8l6qdx92rj
ec8vt1jlox,prs6uts1gt,9h3vj0wqhx
tx89yssf2o,n4sunfbe58,woe684beu4
ehwbwwlaox,z95g49wvga,dx1b0t5lyo
a9apc19evy,5kthfowqt9,97f2w7761f
98e4ui8jnc,oio93csm8m,0r6wl48len
hdka5listm,cu9ysa13eh,0r6wl48len
kpncd6e2p2,piwbv2o5p6,qxzqfdw0b0
rcdg5rdzmx,qe1jb6gbpj,3mgv0jyllz
zdg6dk84gt,2lw110xgf9,cn7is2c7ra
mk2e1zrq1w,f6bt6nx7dy,130bm8k0l8
w64oxw1rwz,8er1z8qd08,97f2w7761f
ec8vt1jlox,zmbkd01v1y,b32uw1kdwp
7l4y567gwu,k0x10snz00,ahiwwruy0k
5ftm6w1kp6,vrxrn8xma3,qxzqfdw0b0
ybelydl25g,ok8szf3gpk,b32uw1kdwp
t89bt4hb7z,wl4u4wp50b,0r6wl48len
6tjb56zorf,f2i6q6imec,qxzqfdw0b0
mk2e1zrq1w,f6bt6nx7dy,7lpyysb68c
ywik7erymp,nd8k7q80ni,6941rniuw7
t2i6ythslb,qiiiow492w,9h3vj0wqhx
rnihz44bnc,l223of69lh,97f2w7761f
4g18usl6ir,4i8od2ppoc,s5lvqnvg7t
ruvemavmdw,ozak8dktie,1zpjgy5ntt
9h1ur140ub,99z5k15864,o1ikz1bvgt
4m9irk670a,w1ikx1cpcm,gnrp9f0d0f
0htq64ge18,wbhbp480vs,n4v6y2zi39
2m5mwizlj6,f0680hf3ul,zy9kwyjpjw
7d4d0lbaql,iyzw954xac,cn7is2c7ra
n6eynkud39,btg7dt4ubc,7lpyysb68c
hk81mb2f8w,iaho489hir,nnlupejcii
iqmuac176f,c65gbw6h2c,o1ikz1bvgt
fubcuhg04y,vcukul56lg,nfyaz99hc4
ehwbwwlaox,ulngyfnd28,g69anp4ub1
u9cg8c1573,0htq64ge18,n1bm0wto2g
9nck718xu1,7w5gnttm26,wgwe7dfizl
vebeu1fidc,l3hfmzugkr,0r6wl48len
ku0pi5n3v6,jbh1pcrqyh,q5gxxbxhyp
rrxpdr79sn,0qaxic6n2r,4jgz5qt1lo
910496k6sv,kgd42zixzd,9d0zc26x5g
7ulj83mp0b,j4ac4fsoz3,05euemf0cz
py6u3kntiv,0llevokdal,u6xad99gv0
7rfwnr6bsn,kgd42zixzd,xna63kz722
do6j3dxt3p,eacs7eodq4,kwqgogr8os
51whmqqem3,8yse6xqsn4,woe684beu4
mzwjk9g6oq,vajafvv2mp,pues9ak9yt
5kvmpiz4yd,ybu07m6wpc,0w3e8nizcw
1qqkooc8yt,zi9t0z8d28,7azl3uvtcm
yiya6c7c8k,olqx7hk5me,nnlupejcii
98e4ui8jnc,oio93csm8m,4jgz5qt1lo
ka44vyojg0,h4aod2pgez,pues9ak9yt
txi20l8lz3,f306f1m90u,e4ep4qwija
tdhoid2evh,7l4y567gwu,afcoa5s9xb
s9y1mzm75z,srxc0ccmaj,7kuhf7vzyw
j58c6uol3u,hqgmko1fg6,k38jbn40fl
2v705vr7t2,kzfhm0qjr5,u8kagv75i2
jv46sdp1h8,tdz62zseml,7kuhf7vzyw
dnyhu57vss,294lbwnt1e,swpxddbk1d
cwnk3vthsi,lhwi7l92oo,wu7alijt8y
b9947kbbbs,qfu6br1inr,b32uw1kdwp
hk81mb2f8w,iaho489hir,4ecbg5bo6h
e7wla6wnt3,sydncupv2o,qxzqfdw0b0
ghpfgx96ey,th1ap3lcr3,6941rniuw7
zcwc4omusm,bzsxzlxyh9,130bm8k0l8
eiqzi6s0el,cjbhhd0o72,0sv09xcgyi
vebeu1fidc,4rgs5p9id1,7azl3uvtcm
tm7hqirjyv,7wmpjotjl9,l6octqbreu
asah81sip4,57x88q6iu9,g69anp4ub1
yiya6c7c8k,olqx7hk5me,97f2w7761f
q6u2ikp99q,h0zv4alliy,ba4hie61hb
8er1z8qd08,a1z3gi3669,gnrp9f0d0f
vajafvv2mp,ulv6j9a90q,m2fd2g2161
2m5mwizlj6,f0680hf3ul,asx9gi15m7
frmk95e33s,6k2gha8pwt,efsbkrwbq6
vajafvv2mp,ulv6j9a90q,kwqgogr8os
aggvq3dw70,qm54q6zi5r,xna63kz722
dmc5akgk7n,jopmeq0qal,5b4vsiz8z9
9h1ur140ub,99z5k15864,cn7is2c7ra
o5x0galk8z,31o7il47jb,of6k0a0ofp
u8ypvbc7ak,ra2cent72s,wqhymvqpwm
xmlzba1pdr,ntycvu9fuy,l7d48g5n4e
uhqbrittwu,q3xzqp4aru,1zpjgy5ntt
gllh8kysgp,2rkymfi845,b32uw1kdwp
xrgktak9z7,zgytdrojyl,vanry76qja
iods32joth,j2a6ki6y7o,1196nbels6
5rhhoocgud,ok8szf3gpk,gzwlrht8l1
vymmxaxw6m,dfx4pf5fxw,o1ikz1bvgt
73x48wsfo4,22m4q4m2kn,f2unzoi71t
vajafvv2mp,ulv6j9a90q,zgeqvl66gn
ue2kw4qvc2,q9xahp3132,nivkx7mgot
9hwsirqcwy,rdh3nx47sf,l7d48g5n4e
wpak0nwlw3,eyyhgfcrhp,kcvhr794m2
x8g97w15a5,66jde2jooe,ahiwwruy0k
wl4u4wp50b,rgoptornlx,6jtcks3h4g
j2a6ki6y7o,v3e0hmgg7b,b32uw1kdwp
wjx31wkzr1,1fdne2keqx,9h3vj0wqhx
9h1ur140ub,99z5k15864,ye9ehofb3o
0viepulqqv,w78ql0nvsf,mvr8cnlyn9
i1d609saoj,5kthfowqt9,7kuhf7vzyw
jzgqyzi021,ds2el0hh5l,f2unzoi71t
q3skbcoihb,9g475svfnc,njlufygb9r
xmcxm6r1b0,usmj5pjklu,b32uw1kdwp
tr1e196prg,2lw110xgf9,4ecbg5bo6h
rnihz44bnc,tixm0m48wa,k38jbn40fl
cwnk3vthsi,17cz1hq6t5,nivkx7mgot
tsth0gysra,ro0jh02jrx,u6xad99gv0
n9lubgpfvz,z2t8ck4kgh,u8kagv75i2
bhn5sku44s,kauvnb9099,6941rniuw7
kavf2hbysd,egf5kxtmji,ze14il9a2r
arwv19n5lb,yl09cw1rsj,xqk5b10n09
v8oet86pvt,krtzxppm0i,jtt4sbpr16
799cehme0c,0fi41k5m16,m7ala280of
oseyjtbg5e,t9if190vzm,1s4ho50fjr
4935r6hqp7,l07dopgbav,jxeo7se0zh
8yso7x5r1v,31gtaivovi,xna63kz722
zkd62876am,ra2cent72s,jxeo7se0zh
h888rs4uuv,81lt8uppun,45y143ymtr
gwe7rm4zmf,6ucpesq8vq,m2fd2g2161
7j0noxzftu,j4qho03xqq,j94ivpzzrz
yjibelcux7,hk81mb2f8w,0sv09xcgyi
eacs7eodq4,tm2tjgb5ph,dx1b0t5lyo
z3cbueb73z,kcjujsrp89,l7d48g5n4e
gllh8kysgp,2rkymfi845,nnlupejcii
prs6uts1gt,t89bt4hb7z,h6tt9ptgmp
s8x3yx5coc,bfqahwxjqi,pues9ak9yt
4e7di3iqft,qn3q7n6dn9,9h3vj0wqhx
fridnhzmm3,rdh3nx47sf,k38jbn40fl
4m8javuc3q,5g8ky2uefe,q8h8qjepjs
nq9mn6w2b2,g7qgso7atq,gzwlrht8l1
efomnru8l8,dmc5akgk7n,ba4hie61hb
kavf2hbysd,egf5kxtmji,l7d48g5n4e
tqkzbely0f,bfqahwxjqi,prnoqh06vy
op09n0ea0z,kiiz700liu,1zpjgy5ntt
yrx1bo4338,w1ikx1cpcm,t25vxbvssf
l3hfmzugkr,oofoqb7hh7,h6tt9ptgmp
i8zky31cw1,j58c6uol3u,ol54pixkbx
0fi41k5m16,ewu5luxucm,45y143ymtr
xkat7kjln8,l07dopgbav,9d0zc26x5g
el6tjafof8,py6u3kntiv,130bm8k0l8
66jde2jooe,9fr5vdow36,mvr8cnlyn9
347oad1bi5,fyo2srp68i,jtt4sbpr16
5g8ky2uefe,vrbpk2s7u7,0sv09xcgyi
xf61mzfky4,kavf2hbysd,ezge70jqhy
zr1yabrc7m,wmcyks3k0q,zy9kwyjpjw
s9y1mzm75z,srxc0ccmaj,aftejxgzdr
py6u3kntiv,0llevokdal,jtt4sbpr16
i3ggqfbn3z,2rkymfi845,l6octqbreu
pe17ava8ru,hwvf4nt793,24o3rtwo2e
avt8ota0we,efomnru8l8,9d0zc26x5g
81lt8uppun,vc6grh9ocd,asx9gi15m7
lpbk9kf1g3,mfvqtyru8w,ye9ehofb3o
347oad1bi5,1t2hjvudv2,e4ep4qwija
h4aod2pgez,v3e0hmgg7b,mvr8cnlyn9
arecl3srzx,4uxibc2qn7,wgwe7dfizl
5h1b2x8vck,nq273ryemt,bemtfu0jjz
vk3ym05mkz,j4qho03xqq,0sv09xcgyi
9rgt3m8q8y,qccx600dmb,kcvhr794m2
xucebxvdis,hzxmk1bowi,qqjkskcwld
8fig6fale3,n5fpfha87x,45y143ymtr
nai75ty88e,wlgjajpy26,24o3rtwo2e
d6nl6lcnew,el6tjafof8,52t7dt2sc0
rbhrcaqz7z,phma19q1x3,f2unzoi71t
kgd42zixzd,tbq8dwywi6,j94ivpzzrz
sjda8e1x3d,8t3wjlkqqs,nivkx7mgot
v2zeufvutu,tdz62zseml,m2fd2g2161
4rgs5p9id1,vrbpk2s7u7,4jgz5qt1lo
q9uxc531x8,rnihz44bnc,4ecbg5bo6h
4m9irk670a,g4ysz6gmzv,5rhn09nzx8
d5vwypga86,ykdtpam2v1,1s4ho50fjr
deyln96494,tn53ls784x,5rhn09nzx8
tn53ls784x,qn3q7n6dn9,0w3e8nizcw
793zduw1np,1pjaqo32nc,e9xiii9w5w
fps6ob0f7o,4vdk3omcrx,e9xiii9w5w
ostka4pfui,q9xahp3132,afcoa5s9xb
h0zv4alliy,fgpcmhjifx,cn7is2c7ra
0tkfg3bski,s1s340nnan,wgwe7dfizl
eacs7eodq4,tm2tjgb5ph,aftejxgzdr
i8zky31cw1,j58c6uol3u,xqk5b10n09
r3dgcodd20,ydq24ux449,mvr8cnlyn9
9985mpxd27,n4sunfbe58,05euemf0cz
lfujz4gp4b,rikye9y0cp,nfyaz99hc4
vopmmyh8qk,viptkzfon2,9h3vj0wqhx
9gc1f29w08,aggvq3dw70,1s4ho50fjr
kh3t9p07rb,qccx600dmb,7azl3uvtcm
h30gvmya96,fzxlo3nak8,gzwlrht8l1
ro0jh02jrx,bciug9wmy5,0sv09xcgyi
jojh4h3qeq,bklqrgzt06,1zpjgy5ntt
tn53ls784x,qn3q7n6dn9,wu7alijt8y
fy9ykobzg2,ozpmio6wsk,410znshdwb
bfqahwxjqi,r5m2m5eerp,0sv09xcgyi
fhupg3l6g1,lgpw7cv9po,45y143ymtr
wl4u4wp50b,rgoptornlx,asx9gi15m7
vth6bku3jr,p1znxzjxd9,ol54pixkbx
btg7dt4ubc,3kdpdzk060,ezge70jqhy
yw1xxvaacy,ulv6j9a90q,1zpjgy5ntt
vajafvv2mp,fe10c5044i,nivkx7mgot
347oad1bi5,1t2hjvudv2,5b4vsiz8z9
t52xjkzizo,09fq4ohsjx,kwqgogr8os
oio93csm8m,kp4zkgxk3g,52t7dt2sc0
xucebxvdis,hzxmk1bowi,ye9ehofb3o
2prbyhweyv,1qqkooc8yt,xna63kz722
pyoqdaw8ru,ghpfgx96ey,mmk3bvby8k
rnihz44bnc,l223of69lh,j94ivpzzrz
x2wu0g8gxq,o5x0galk8z,dx1b0t5lyo
5xtefzgla3,294lbwnt1e,5b4vsiz8z9
x1mfe964da,gd62rc4ovo,mvr8cnlyn9
fridnhzmm3,8p24zi0e7b,7azl3uvtcm
6utji8hje9,iqmuac176f,52t7dt2sc0
l07dopgbav,ihdrgro80v,swpxddbk1d
8y9euyzpmn,i9b01hjmev,efsbkrwbq6
fgpcmhjifx,4ogau2kzym,pues9ak9yt
uonxuhwh73,p1gyyouseg,nivkx7mgot
ytqbpxvfz5,pmmfg2fbft,0r6wl48len
tqkzbely0f,bfqahwxjqi,g69anp4ub1
udfmaf0rnh,dlxylc0ysd,ze14il9a2r
frmk95e33s,6k2gha8pwt,cn7is2c7ra
iaho489hir,cu9ysa13eh,t25vxbvssf
xkat7kjln8,l07dopgbav,gvwoqo3fb5
wal2vxom6b,pfgmct1qf6,dx1b0t5lyo
62j5wonoww,hgcvor5gjq,xna63kz722
1qqkooc8yt,m332lmmw3a,130bm8k0l8
g30nn28ud9,347oad1bi5,swpxddbk1d
visy5fpw5l,hiufh0ekk6,ycot6gjgc1
lfujz4gp4b,rikye9y0cp,3mgv0jyllz
m332lmmw3a,5wmfleb1hv,ezge70jqhy
w382xmxxta,by1h27jq20,u8kagv75i2
8t3wjlkqqs,x7ezbkifby,q5gxxbxhyp
0xcvzbxjlv,gv23inmycl,nfyaz99hc4
1nsdcvxiqk,ffwfyz0mv5,8l6qdx92rj
v40s3hpib8,gr9ooz9itf,e9xiii9w5w
ngg2lc6w33,5ftm6w1kp6,1zpjgy5ntt
ebbhbz887a,lm97j6ddul,zy9kwyjpjw
4xohp5l1ow,gm8ry42ly4,e9xiii9w5w
cjbhhd0o72,w8dqkcv6qo,52t7dt2sc0
9nck718xu1,7w5gnttm26,jtt4sbpr16
9g5suspox6,56vdlij7d9,wgwe7dfizl
fps6ob0f7o,4vdk3omcrx,pues9ak9yt
b9947kbbbs,qfu6br1inr,of6k0a0ofp
793zduw1np,1pjaqo32nc,b32uw1kdwp
m332lmmw3a,5wmfleb1hv,g69anp4ub1
cwnk3vthsi,g4bwbioyen,0sv09xcgyi
n5pvdufm7d,9gc1f29w08,wgwe7dfizl
q3xzqp4aru,3cpfl0r4wn,gvwoqo3fb5
sluc38p8wu,pvqtytjh91,l7d48g5n4e
oeeeokbgcc,cmyme6ns86,b32uw1kdwp
bzsxzlxyh9,bm5kgtsp3o,wgwe7dfizl
hiufh0ekk6,q9xahp3132,n1bm0wto2g
ewu5luxucm,wf2st5yro9,410znshdwb
j61lx1ywn5,0reaos9be6,u6xad99gv0
3crg2b9ks8,8sx6jjd0sh,gvwoqo3fb5
2m5mwizlj6,4xohp5l1ow,4ecbg5bo6h
iwolns7uit,8p24zi0e7b,8nqbuknlcn
k6hdfevruu,4e7di3iqft,h6tt9ptgmp
8yq903qch3,ouyt5wdv0j,410znshdwb
qvdej7zqzc,8gjzto4xzt,nfyaz99hc4
cipoyxvd0u,wjx31wkzr1,bemtfu0jjz
jyc2h3udks,ygh1foj9yn,b32uw1kdwp
kcjujsrp89,1ukk8sj7wf,m7ala280of
cjbhhd0o72,w8dqkcv6qo,afcoa5s9xb
fridnhzmm3,rdh3nx47sf,afcoa5s9xb
noztufx0bh,mjjiw7e44g,e4ep4qwija
mfvqtyru8w,8jg5jz175u,t25vxbvssf
15lds1o5yc,jwxssu5z1k,jxeo7se0zh
81gqeoetw1,py6u3kntiv,u6xad99gv0
iy6edx4sog,49q2ky3igm,1uo3qn1lc7
ab6bj38xnf,mfvqtyru8w,7kuhf7vzyw
yjibelcux7,hk81mb2f8w,6941rniuw7
mzwjk9g6oq,kzfhm0qjr5,6941rniuw7
jg7664fvwq,bciug9wmy5,g69anp4ub1
vebeu1fidc,l3hfmzugkr,prnoqh06vy
9r2olz4hrr,jbxnjp0uo6,jtt4sbpr16
mzwjk9g6oq,jbh1pcrqyh,7azl3uvtcm
1ah65r9toh,ob34epennm,o1ikz1bvgt
ngovgtk5zi,r84m3r4u7z,0w3e8nizcw
qln7b6tia7,sfo4o5ngwp,njlufygb9r
op09n0ea0z,kiiz700liu,3mgv0jyllz
noztufx0bh,294lbwnt1e,6jtcks3h4g
el6tjafof8,s9y1mzm75z,qxzqfdw0b0
ue2kw4qvc2,seduuobl4u,mvr8cnlyn9
w9s51ehi85,zmbkd01v1y,6941rniuw7
bizjl6ein5,9brupbdcbo,xnwq6360s4
kpncd6e2p2,iz3nc0oqpx,wqhymvqpwm
asah81sip4,57x88q6iu9,410znshdwb
urodurflg3,krtzxppm0i,efsbkrwbq6
9nck718xu1,7w5gnttm26,t25vxbvssf
9u1m1a0pxj,ic7yz9bmvw,ba4hie61hb
ssqanoo3af,iasqqqoabl,vanry76qja
vebeu1fidc,l3hfmzugkr,l7d48g5n4e
i7hkci7rso,bhx5nseqo5,1uo3qn1lc7
bfqahwxjqi,r5m2m5eerp,asx9gi15m7
9rgt3m8q8y,qccx600dmb,jxeo7se0zh
nnu66s1y5m,uknoi9qw9n,afcoa5s9xb
kauvnb9099,5kvmpiz4yd,4jgz5qt1lo
j4ac4fsoz3,x7ezbkifby,s65ce41bis
mzwjk9g6oq,jbh1pcrqyh,swpxddbk1d
n5pvdufm7d,pe17ava8ru,m2fd2g2161
eyyhgfcrhp,h30gvmya96,efsbkrwbq6
3d9gn1zaor,vcukul56lg,wgwe7dfizl
hiufh0ekk6,7wmpjotjl9,e9xiii9w5w
dnyhu57vss,294lbwnt1e,qxzqfdw0b0
f3rmq6a42s,bciug9wmy5,l7d48g5n4e
rexp7sjtrc,5c7wxglaaa,45y143ymtr
1dwvu23ci8,iz3nc0oqpx,xnwq6360s4
vajafvv2mp,nij9llgeao,wqhymvqpwm
w9s51ehi85,zmbkd01v1y,t25vxbvssf
r5m2m5eerp,j97r2c9twu,s5lvqnvg7t
sjda8e1x3d,8t3wjlkqqs,6941rniuw7
4m9irk670a,g4ysz6gmzv,24o3rtwo2e
j2j1zflua7,tsth0gysra,4jgz5qt1lo
ostka4pfui,q9xahp3132,zgeqvl66gn
orcsk0nlhu,2187et43ep,5rzn54u008
ngg2lc6w33,5ftm6w1kp6,vanry76qja
atm6fpwolq,v2zeufvutu,7azl3uvtcm
j4ac4fsoz3,x7ezbkifby,gzwlrht8l1
slyvo929fx,9s1mtboklq,swpxddbk1d
xkat7kjln8,l07dopgbav,nfijpgpnad
9135q4nvrc,99z5k15864,dx1b0t5lyo
ppy5nbus8k,w64oxw1rwz,aftejxgzdr
fhupg3l6g1,lgpw7cv9po,q8h8qjepjs
gv23inmycl,dmc5akgk7n,nivkx7mgot
1ah65r9toh,ob34epennm,kwqgogr8os
qz64lz3iz3,f2i6q6imec,xqk5b10n09
bciug9wmy5,xocgw3mtsg,8l6qdx92rj
lyhe0edypo,f0680hf3ul,mmk3bvby8k
2m5mwizlj6,f0680hf3ul,n4v6y2zi39
hqgmko1fg6,zz85idbd1l,jxeo7se0zh
nij9llgeao,jf4t5i947g,qxzqfdw0b0
g4bwbioyen,ynwiihwkb1,24o3rtwo2e
pvqtytjh91,adezwrh8py,wgwe7dfizl
4m9irk670a,sluc38p8wu,m9l6ot0jta
ioq5tjrnfi,5kthfowqt9,0w3e8nizcw
h7bkri4uao,kl3c2rngds,5b4vsiz8z9
2prbyhweyv,nij9llgeao,ba4hie61hb
h4aod2pgez,y0cq65zt4w,1s4ho50fjr
dsc2oobaw1,v3ims5c81x,s5lvqnvg7t
wmcyks3k0q,6dbg4l3blq,dx1b0t5lyo
i7hkci7rso,rrxpdr79sn,4ecbg5bo6h
bizjl6ein5,9brupbdcbo,e4ep4qwija
fxo7dyzz7l,5q8gome7dc,wu7alijt8y
wpak0nwlw3,eyyhgfcrhp,gnrp9f0d0f
ulv6j9a90q,4g18usl6ir,s5lvqnvg7t
dbalra58as,02c4li45yc,m7ala280of
7ffu2yz849,iji6ny717t,8l6qdx92rj
fhupg3l6g1,lgpw7cv9po,ze14il9a2r
w5zkhg74bk,saxt3lhr7j,m2fd2g2161
d6nl6lcnew,el6tjafof8,of6k0a0ofp
lyhe0edypo,f0680hf3ul,l7d48g5n4e
bdgx8ha0wb,e8cnutnlm5,24o3rtwo2e
ghkz0ofcz3,kktp6cz8hx,7kuhf7vzyw
phma19q1x3,rjgjwhbafr,ze14il9a2r
u9cg8c1573,0htq64ge18,gvwoqo3fb5
luiuojsme7,bez49ux9in,s65ce41bis
8t3wjlkqqs,628a3fn7t4,4ecbg5bo6h
ghkz0ofcz3,9ugwc3xs6i,pues9ak9yt
jbh1pcrqyh,zmbkd01v1y,1uo3qn1lc7
pfo1usbe3r,um2qix669j,05euemf0cz
iwolns7uit,8p24zi0e7b,ba4hie61hb
4m9irk670a,g4ysz6gmzv,vanry76qja
xlvrl449oc,whshejmo8c,0w3e8nizcw
el6tjafof8,gr9ooz9itf,l6octqbreu
o8gvoa8hok,lpbk9kf1g3,ye9ehofb3o
s8x3yx5coc,7wd5xlklsr,q8h8qjepjs
vth6bku3jr,p1znxzjxd9,130bm8k0l8
h7bkri4uao,kl3c2rngds,u8kagv75i2
iyppjude5y,txi20l8lz3,ol54pixkbx
xgblho40k6,cpzr0jqeth,ahiwwruy0k
4dxq1w5kib,sydncupv2o,mvr8cnlyn9
8fkea4ewfe,ozpmio6wsk,j94ivpzzrz
ram2xz922y,0nywujx2eu,bemtfu0jjz
ostka4pfui,q9xahp3132,gzwlrht8l1
ilaetbxo6v,ruvemavmdw,qxzqfdw0b0
l07dopgbav,vebeu1fidc,u6xad99gv0
14btjei1vf,24nlwpf85n,u6xad99gv0
1dwvu23ci8,35mhmuxl6w,q5gxxbxhyp
t37dmq3ebm,eiqzi6s0el,0w3e8nizcw
rexp7sjtrc,5c7wxglaaa,nfyaz99hc4
jyc2h3udks,ygh1foj9yn,l6octqbreu
h30gvmya96,fzxlo3nak8,q8h8qjepjs
jg7664fvwq,5ftm6w1kp6,410znshdwb
tn53ls784x,qn3q7n6dn9,asx9gi15m7
5h1b2x8vck,nq273ryemt,xnwq6360s4
xgblho40k6,cpzr0jqeth,xna63kz722
jfug1y14lv,4uknedmb5w,ahiwwruy0k
k0x10snz00,pyoqdaw8ru,l7d48g5n4e
9d9ghj1dnd,5rsfbqfgp8,f2unzoi71t
347oad1bi5,1t2hjvudv2,8nqbuknlcn
xrgktak9z7,8yse6xqsn4,kcvhr794m2
pe17ava8ru,hwvf4nt793,45y143ymtr
1ta6wyufv8,ulv6j9a90q,ze14il9a2r
bamjnsuwi1,fzxlo3nak8,nfijpgpnad
6d3km5eiyg,9427qd9afz,52t7dt2sc0
lpbk9kf1g3,mfvqtyru8w,05euemf0cz
dsc2oobaw1,v3ims5c81x,nivkx7mgot
5jlc945gbb,aggvq3dw70,8l6qdx92rj
arecl3srzx,4uxibc2qn7,4jgz5qt1lo
zo2c63ut26,9gc1f29w08,nfyaz99hc4
l3hfmzugkr,oofoqb7hh7,130bm8k0l8
347oad1bi5,kktp6cz8hx,j94ivpzzrz
lob4hn2sts,jvt053bfu6,kwqgogr8os
fwm8m4ydbe,udilxedfve,nnlupejcii
fwm8m4ydbe,udilxedfve,asx9gi15m7
31gtaivovi,cm2n7najp3,qqjkskcwld
dmc5akgk7n,jopmeq0qal,ycot6gjgc1
7xjm0wqvjr,0qaxic6n2r,ahiwwruy0k
dhjjyb01vp,6l7h2nluka,xna63kz722
7q5s6y4mwk,fy9ykobzg2,ba4hie61hb
ccjk4fib9i,f3rmq6a42s,7azl3uvtcm
plxl3j5w8f,fu6e6nsh3k,u6xad99gv0
wsitvftwvy,ntycvu9fuy,ba4hie61hb
f3rmq6a42s,e1ns804yob,m7ala280of
ivs9y64u28,17cz1hq6t5,l7d48g5n4e
b2lwsq5a2k,j58c6uol3u,jxeo7se0zh
ebbhbz887a,lm97j6ddul,9d0zc26x5g
2lw110xgf9,5g74nzpfpo,qqjkskcwld
jfelwa65hc,mrvzrriuhu,u8kagv75i2
7rfwnr6bsn,kgd42zixzd,woe684beu4
1qqkooc8yt,zi9t0z8d28,qxzqfdw0b0
195vebkf19,y23myolcvh,45y143ymtr
kauvnb9099,5kvmpiz4yd,97f2w7761f
nd8k7q80ni,el6tjafof8,q8h8qjepjs
m65a2gr5mg,bhn5sku44s,zgeqvl66gn
9r2olz4hrr,y81p27fb0k,o1ikz1bvgt
bisjkw76q8,4hujqhd549,ze14il9a2r
74x594bq9c,9rgt3m8q8y,gnrp9f0d0f
g2edowsia2,q3i44bhe31,0w3e8nizcw
6utji8hje9,bamjnsuwi1,7kuhf7vzyw
tzl0qzywnr,7ws1z1rfxd,afcoa5s9xb
udilxedfve,g0t0nbpgbw,qxzqfdw0b0
kavf2hbysd,egf5kxtmji,aftejxgzdr
ic7yz9bmvw,6k1ygy58dt,7lpyysb68c
ivs9y64u28,17cz1hq6t5,gvwoqo3fb5
rexp7sjtrc,5c7wxglaaa,of6k0a0ofp
jbh1pcrqyh,zmbkd01v1y,j94ivpzzrz
yogwzb9eov,rs2xikhhyz,xna63kz722
deyln96494,789385assr,3vl98fnoku
35mhmuxl6w,t3oy2vg02f,gzwlrht8l1
kpwae9a5zf,op09n0ea0z,ba4hie61hb
4935r6hqp7,whrligz2dg,oey9kf47vw
do6j3dxt3p,eacs7eodq4,gvwoqo3fb5
k6hdfevruu,7zpbswbqx1,swpxddbk1d
rnihz44bnc,tixm0m48wa,130bm8k0l8
74x594bq9c,9rgt3m8q8y,s5lvqnvg7t
f3rmq6a42s,e1ns804yob,g69anp4ub1
ccjk4fib9i,f3rmq6a42s,ycot6gjgc1
hi8hxxrxde,3j29jcl6cu,q5gxxbxhyp
abaukk6iq1,gm8ry42ly4,ahiwwruy0k
h7bkri4uao,kl3c2rngds,efsbkrwbq6
k6hdfevruu,4e7di3iqft,k38jbn40fl
fe10c5044i,9g5suspox6,e4ep4qwija
4xohp5l1ow,mosu2r2h0s,ol54pixkbx
hgsa1ynuyy,jojh4h3qeq,gvwoqo3fb5
tbq8dwywi6,o7u9nni2yj,1uo3qn1lc7
h7bkri4uao,kl3c2rngds,mvr8cnlyn9
w5zkhg74bk,saxt3lhr7j,1zpjgy5ntt
vajafvv2mp,nij9llgeao,gzwlrht8l1
n7gbzg8xoj,prvzgstcis,5b4vsiz8z9
iaho489hir,ly0ti6vbhr,24o3rtwo2e
xkat7kjln8,l3sigliqsr,5b4vsiz8z9
1ta6wyufv8,ulv6j9a90q,3mgv0jyllz
m65a2gr5mg,gwe7rm4zmf,wu7alijt8y
n7gbzg8xoj,prvzgstcis,kcvhr794m2
slyvo929fx,9s1mtboklq,o1ikz1bvgt
fdxjloas24,ohwnxlm6gp,woe684beu4
tnz5o75h6c,ugi3w6ie3z,xna63kz722
tdhoid2evh,7l4y567gwu,vanry76qja
r84m3r4u7z,8p24zi0e7b,1196nbels6
qiiiow492w,2prbyhweyv,q5gxxbxhyp
udilxedfve,9brupbdcbo,njlufygb9r
2sq1qsmkvq,zlwiwjt55h,vanry76qja
1h9cx0phg9,l9334aevv6,xnwq6360s4
5h1b2x8vck,ddhy2j8p7m,3vl98fnoku
3ngb6139cr,ku8aw5ze78,b32uw1kdwp
w5zkhg74bk,saxt3lhr7j,nfijpgpnad
jopmeq0qal,ouyt5wdv0j,ba4hie61hb
m2ky3kkes0,ytb2gm69ao,aftejxgzdr
e1ns804yob,3njlj83g9k,u8kagv75i2
789385assr,mfvqtyru8w,5rhn09nzx8
d6nl6lcnew,el6tjafof8,bemtfu0jjz
62j5wonoww,hgcvor5gjq,cn7is2c7ra
39xmts71v5,kzfhm0qjr5,k38jbn40fl
o8gvoa8hok,lpbk9kf1g3,4ecbg5bo6h
3totldb00l,un3agzhqd6,h6tt9ptgmp
slyvo929fx,do6j3dxt3p,wu7alijt8y
q6u2ikp99q,ngg2lc6w33,of6k0a0ofp
15lds1o5yc,jwxssu5z1k,wqhymvqpwm
tqkzbely0f,bfqahwxjqi,wgwe7dfizl
14btjei1vf,z1hokwfjp5,q5gxxbxhyp
hgcvor5gjq,he06obafcj,aftejxgzdr
7iemoycs16,ky2sh2vxzn,24o3rtwo2e
t89bt4hb7z,wl4u4wp50b,m7ala280of
k6hdfevruu,b76s1g3tvr,8nqbuknlcn
hi8hxxrxde,3j29jcl6cu,m7ala280of
ehwbwwlaox,ulngyfnd28,q8h8qjepjs
hqgmko1fg6,zz85idbd1l,nfijpgpnad
fv71t3diwl,t37dmq3ebm,ye9ehofb3o
4m9irk670a,g4ysz6gmzv,52t7dt2sc0
asah81sip4,57x88q6iu9,aftejxgzdr
d5vwypga86,ykdtpam2v1,f2unzoi71t
ruvemavmdw,ozak8dktie,asx9gi15m7
abaukk6iq1,gm8ry42ly4,efsbkrwbq6
w9s51ehi85,zmbkd01v1y,dx1b0t5lyo
xrgktak9z7,8yse6xqsn4,ze14il9a2r
ouyt5wdv0j,wotap0h16b,kwqgogr8os
347oad1bi5,5xtefzgla3,qxzqfdw0b0
vhgedn4gco,u05yh2j998,xqk5b10n09
h7bkri4uao,hj9po4qznd,ze14il9a2r
q9uxc531x8,rnihz44bnc,zy9kwyjpjw
kpwae9a5zf,ds2el0hh5l,aftejxgzdr
goq1a6dq7v,0uanaa7gmh,jtt4sbpr16
wa32u7uowp,lhlxuwe2aj,vanry76qja
fwm8m4ydbe,udilxedfve,4jgz5qt1lo
w64oxw1rwz,8er1z8qd08,410znshdwb
kl3c2rngds,l1gi7zgcq9,e9xiii9w5w
jopmeq0qal,ouyt5wdv0j,nfijpgpnad
l3hfmzugkr,oofoqb7hh7,swpxddbk1d
wpak0nwlw3,94a37zrb2l,afcoa5s9xb
1qqkooc8yt,zi9t0z8d28,4ecbg5bo6h
zlrrc7wd6g,wf2st5yro9,0w3e8nizcw
obmm04wjuk,d48oeklglb,6941rniuw7
fihsuhiroq,m7eat86gfe,n4v6y2zi39
bez49ux9in,l223of69lh,m2fd2g2161
wdwp80cgn2,9s1mtboklq,wgwe7dfizl
49q2ky3igm,plxl3j5w8f,kcvhr794m2
k0x10snz00,u05yh2j998,t25vxbvssf
7phvypzdaa,kavf2hbysd,130bm8k0l8
h4aod2pgez,v3e0hmgg7b,ahiwwruy0k
w8m4pjsdwc,l07dopgbav,1s4ho50fjr
wl4u4wp50b,rgoptornlx,u8kagv75i2
adezwrh8py,7r7pn0r25w,6941rniuw7
h4aod2pgez,v3e0hmgg7b,8nqbuknlcn
e7wla6wnt3,xkat7kjln8,nivkx7mgot
9r2olz4hrr,jbxnjp0uo6,3mgv0jyllz
g2edowsia2,kqrl9sbykp,gzwlrht8l1
oh3ap55dc1,25vjedddoz,dx1b0t5lyo
x31slqc36c,wpak0nwlw3,nfyaz99hc4
lvr540ap4w,j58c6uol3u,mvr8cnlyn9
lhlxuwe2aj,slyvo929fx,52t7dt2sc0
8yq903qch3,ouyt5wdv0j,q5gxxbxhyp
fu6e6nsh3k,fkc04lod5n,asx9gi15m7
wov6f5this,0htq64ge18,1196nbels6
347oad1bi5,5xtefzgla3,ba4hie61hb
noztufx0bh,mjjiw7e44g,3mgv0jyllz
ro0jh02jrx,bciug9wmy5,swpxddbk1d
bciug9wmy5,xocgw3mtsg,s65ce41bis
m65a2gr5mg,gwe7rm4zmf,u6xad99gv0
t75tledoby,0llevokdal,xna63kz722
srxc0ccmaj,x7ezbkifby,8l6qdx92rj
59xif9z6yt,3u69dfha5u,n1bm0wto2g
9gc1f29w08,dsc2oobaw1,nfyaz99hc4
ewu5luxucm,wf2st5yro9,ol54pixkbx
bisjkw76q8,4hujqhd549,45y143ymtr
luiuojsme7,bez49ux9in,9d0zc26x5g
7l4y567gwu,rz8n1euz49,oey9kf47vw
4xohp5l1ow,gm8ry42ly4,mvr8cnlyn9
4935r6hqp7,n5pvdufm7d,5rhn09nzx8
fcftt9whbl,pfgmct1qf6,7azl3uvtcm
a9apc19evy,5kthfowqt9,prnoqh06vy
cm2n7najp3,57x88q6iu9,q5gxxbxhyp
9pzucasz3d,agxz2lnl4b,5b4vsiz8z9
8t3wjlkqqs,628a3fn7t4,8l6qdx92rj
th1ap3lcr3,udilxedfve,74qqm4ef2q
zcwc4omusm,hwvf4nt793,410znshdwb
txi20l8lz3,f306f1m90u,4ecbg5bo6h
3swiuf81xc,jkv0n8qwwq,9h3vj0wqhx
5ftm6w1kp6,vrxrn8xma3,n1bm0wto2g
5idejnvkzb,3j29jcl6cu,t25vxbvssf
a9apc19evy,5kthfowqt9,of6k0a0ofp
h30gvmya96,l3sigliqsr,1s4ho50fjr
5idejnvkzb,3j29jcl6cu,9h3vj0wqhx
tnjk0vh6n3,687dheubd1,o1ikz1bvgt
fe10c5044i,9g5suspox6,0w3e8nizcw
9h1ur140ub,99z5k15864,nfyaz99hc4
w1ikx1cpcm,ilykm17clb,nivkx7mgot
2prbyhweyv,1qqkooc8yt,njlufygb9r
49q2ky3igm,plxl3j5w8f,prnoqh06vy
62j5wonoww,j2j1zflua7,q5gxxbxhyp
7l4y567gwu,rz8n1euz49,8nqbuknlcn
kp4zkgxk3g,10cf3cpj64,g69anp4ub1
3a8sxw9pd0,j2zl01lp3v,asx9gi15m7
8j6yfp309u,l4oyam50zk,k38jbn40fl
optq11rsib,v8oet86pvt,afcoa5s9xb
508ibizhh6,stvlaskb22,xqk5b10n09
wsitvftwvy,wskg2hnlrg,of6k0a0ofp
tqkzbely0f,bfqahwxjqi,s5lvqnvg7t
wpak0nwlw3,eyyhgfcrhp,ahiwwruy0k
kgd42zixzd,tbq8dwywi6,s65ce41bis
xrgktak9z7,knzm93uzdr,kcvhr794m2
lhlxuwe2aj,slyvo929fx,xna63kz722
xocgw3mtsg,jpuom2s460,74qqm4ef2q
sjda8e1x3d,8t3wjlkqqs,1uo3qn1lc7
ic7yz9bmvw,6k1ygy58dt,ezge70jqhy
30szhlfltw,cmyme6ns86,woe684beu4
kpwae9a5zf,op09n0ea0z,pues9ak9yt
q88sy9h9ji,7bsabcgc6w,u6xad99gv0
gfqojkjw2m,bldbc0id2b,f2unzoi71t
w8m4pjsdwc,vrrz2g063l,nfyaz99hc4
n5pvdufm7d,pe17ava8ru,zgeqvl66gn
n6eynkud39,btg7dt4ubc,9h3vj0wqhx
1qqkooc8yt,zi9t0z8d28,bemtfu0jjz
0xcvzbxjlv,gv23inmycl,45y143ymtr
o8gvoa8hok,lpbk9kf1g3,n1bm0wto2g
4m9irk670a,sluc38p8wu,m2fd2g2161
t7lr41n52y,vql3o59eli,1196nbels6
qm54q6zi5r,olqx7hk5me,9h3vj0wqhx
0viepulqqv,w78ql0nvsf,1uo3qn1lc7
iaho489hir,ly0ti6vbhr,wu7alijt8y
fihsuhiroq,tqkzbely0f,130bm8k0l8
z2ttmq5f3i,ajgc4bo6o3,ze14il9a2r
5xtefzgla3,294lbwnt1e,l6octqbreu
orcsk0nlhu,2187et43ep,4jgz5qt1lo
tbq8dwywi6,o7u9nni2yj,j94ivpzzrz
10cf3cpj64,b8384t82s3,6jtcks3h4g
vebeu1fidc,t4eth5dmgl,0w3e8nizcw
ugi3w6ie3z,jopmeq0qal,ycot6gjgc1
rp4indz9q3,iy6edx4sog,wgwe7dfizl
fy9ykobzg2,ozpmio6wsk,t25vxbvssf
cm2n7najp3,4hujqhd549,o1ikz1bvgt
9h1ur140ub,99z5k15864,8nqbuknlcn
b4jnvdf67q,1ta6wyufv8,e9xiii9w5w
bciug9wmy5,xocgw3mtsg,7kuhf7vzyw
lob4hn2sts,jvt053bfu6,m2fd2g2161
793zduw1np,1pjaqo32nc,4ecbg5bo6h
g7qgso7atq,jyc2h3udks,4jgz5qt1lo
8bow72n40d,tdz62zseml,swpxddbk1d
voj7tdmr0q,z3cbueb73z,74qqm4ef2q
ok8szf3gpk,20rsjjyg9n,nfyaz99hc4
lgpw7cv9po,3ngb6139cr,ahiwwruy0k
pfo1usbe3r,um2qix669j,f2unzoi71t
h4aod2pgez,y0cq65zt4w,cn7is2c7ra
kauvnb9099,5kvmpiz4yd,1uo3qn1lc7
5xtefzgla3,nnu66s1y5m,cn7is2c7ra
w8dqkcv6qo,81lt8uppun,0r6wl48len
wal2vxom6b,pfgmct1qf6,3mgv0jyllz
kqrl9sbykp,vywum7t5md,l7d48g5n4e
9985mpxd27,n4sunfbe58,ycot6gjgc1
srxc0ccmaj,x7ezbkifby,aftejxgzdr
4e7di3iqft,3cpfl0r4wn,nfijpgpnad
lfujz4gp4b,f3rmq6a42s,u8kagv75i2
347oad1bi5,5xtefzgla3,ba15iez6n4
uonxuhwh73,p1gyyouseg,dx1b0t5lyo
prs6uts1gt,j2j1zflua7,9h3vj0wqhx
k3j93xryp8,5wj2b7zdsc,6jtcks3h4g
1dwvu23ci8,iz3nc0oqpx,410znshdwb
cwnk3vthsi,lhwi7l92oo,74qqm4ef2q
29oxnpme8r,vhgedn4gco,e9xiii9w5w
ka44vyojg0,jpuom2s460,0w3e8nizcw
tbq8dwywi6,o7u9nni2yj,6jtcks3h4g
v2zeufvutu,tdz62zseml,zgeqvl66gn
fps6ob0f7o,r2kkanqzny,oey9kf47vw
94a37zrb2l,kauvnb9099,ol54pixkbx
k3j93xryp8,5wj2b7zdsc,of6k0a0ofp
kbw2j3vck4,dbalra58as,ze14il9a2r
1nsdcvxiqk,ffwfyz0mv5,ye9ehofb3o
vk3ym05mkz,8yse6xqsn4,h6tt9ptgmp
wf2st5yro9,bizjl6ein5,5rhn09nzx8
2rkymfi845,daxspbxnq9,kwqgogr8os
4m8javuc3q,5g8ky2uefe,nnlupejcii
t2i6ythslb,qiiiow492w,q8h8qjepjs
xrgktak9z7,teyp29jkf1,wqhymvqpwm
9gc1f29w08,dsc2oobaw1,1uo3qn1lc7
5ftm6w1kp6,gv23inmycl,t25vxbvssf
k0x10snz00,u05yh2j998,1s4ho50fjr
5xtefzgla3,nnu66s1y5m,of6k0a0ofp
kdq9uy409t,f0680hf3ul,24o3rtwo2e
wa32u7uowp,lhlxuwe2aj,wgwe7dfizl
xmcxm6r1b0,usmj5pjklu,5b4vsiz8z9
zcwc4omusm,hwvf4nt793,97f2w7761f
wl4u4wp50b,rgoptornlx,52t7dt2sc0
f3rmq6a42s,bciug9wmy5,1uo3qn1lc7
efomnru8l8,dmc5akgk7n,ezge70jqhy
nnu66s1y5m,uknoi9qw9n,mmk3bvby8k
zo2c63ut26,9gc1f29w08,cn7is2c7ra
vk3ym05mkz,j4qho03xqq,wu7alijt8y
k6hdfevruu,7zpbswbqx1,of6k0a0ofp
tiq1ahhtxw,7wd5xlklsr,45y143ymtr
7zpbswbqx1,231znlobbg,1196nbels6
xrgktak9z7,ide9verjwp,4ecbg5bo6h
fxo7dyzz7l,8fkea4ewfe,1196nbels6
fdxjloas24,ohwnxlm6gp,6941rniuw7
98e4ui8jnc,oio93csm8m,130bm8k0l8
xeqni7sfla,ynwiihwkb1,nfyaz99hc4
i3ggqfbn3z,2rkymfi845,u6xad99gv0
oofoqb7hh7,3swiuf81xc,vanry76qja
um3jfm8n3o,rikye9y0cp,s65ce41bis
tdhoid2evh,t4o7bpaz3c,kwqgogr8os
910496k6sv,kgd42zixzd,ahiwwruy0k
kpncd6e2p2,piwbv2o5p6,5rhn09nzx8
cwnk3vthsi,17cz1hq6t5,m2fd2g2161
qb7cmxfn7w,15fw63622d,dx1b0t5lyo
dnyhu57vss,294lbwnt1e,5b4vsiz8z9
pvqtytjh91,adezwrh8py,4ecbg5bo6h
ulngyfnd28,10cf3cpj64,jxeo7se0zh
j2a6ki6y7o,v3e0hmgg7b,ahiwwruy0k
fps6ob0f7o,4vdk3omcrx,ol54pixkbx
ykdtpam2v1,i5wsvh0qkv,afcoa5s9xb
4ogau2kzym,ygh1foj9yn,gvwoqo3fb5
9pzucasz3d,agxz2lnl4b,3vl98fnoku
7xjm0wqvjr,0qaxic6n2r,gvwoqo3fb5
81gqeoetw1,py6u3kntiv,74qqm4ef2q
52oi9t66ll,bizjl6ein5,74qqm4ef2q
vk3ym05mkz,j4qho03xqq,pues9ak9yt
mzwjk9g6oq,jbh1pcrqyh,0r6wl48len
cm2n7najp3,57x88q6iu9,dx1b0t5lyo
39xmts71v5,x31slqc36c,9d0zc26x5g
qm54q6zi5r,olqx7hk5me,k38jbn40fl
7bsabcgc6w,dhjjyb01vp,5rhn09nzx8
910496k6sv,kgd42zixzd,qxzqfdw0b0
phma19q1x3,rjgjwhbafr,l6octqbreu
17cz1hq6t5,4m8javuc3q,b32uw1kdwp
n7gbzg8xoj,prvzgstcis,74qqm4ef2q
ggva0fglfz,wcp6zfe6et,o1ikz1bvgt
arecl3srzx,4uxibc2qn7,nivkx7mgot
w5zkhg74bk,ehwbwwlaox,m2fd2g2161
cm2n7najp3,gtlrvr8i6l,e9xiii9w5w
uonxuhwh73,vymmxaxw6m,xqk5b10n09
4xohp5l1ow,mosu2r2h0s,ycot6gjgc1
fs4llju7rg,n5pvdufm7d,nfijpgpnad
ghkz0ofcz3,arecl3srzx,u8kagv75i2
35mhmuxl6w,qb7cmxfn7w,6941rniuw7
zlrrc7wd6g,6a1dyeridm,1s4ho50fjr
j61lx1ywn5,0reaos9be6,f2unzoi71t
wsitvftwvy,wskg2hnlrg,xnwq6360s4
w8m4pjsdwc,l07dopgbav,nfyaz99hc4
j1id6b8pn4,vgvrv3b9qv,prnoqh06vy
mhnbb8q81h,qb7cmxfn7w,vanry76qja
qrtw3oohf2,l4lntyjkdk,k38jbn40fl
x8g97w15a5,kypbzofwbv,45y143ymtr
v3ims5c81x,vrbpk2s7u7,jxeo7se0zh
799cehme0c,0fi41k5m16,ahiwwruy0k
nq9mn6w2b2,g7qgso7atq,oey9kf47vw
vgvrv3b9qv,as8d2wiwe8,m2fd2g2161
6dbg4l3blq,iyppjude5y,ahiwwruy0k
py6u3kntiv,0llevokdal,jxeo7se0zh
v0f5hg5l8k,5h1b2x8vck,4jgz5qt1lo
ffwfyz0mv5,j61lx1ywn5,7lpyysb68c
9bqutb5n7l,uwfiu26q70,mvr8cnlyn9
35mhmuxl6w,qb7cmxfn7w,kwqgogr8os
jojh4h3qeq,bklqrgzt06,ezge70jqhy
ziq74mrtno,9ugwc3xs6i,05euemf0cz
5h1b2x8vck,nq273ryemt,0r6wl48len
5ftm6w1kp6,gv23inmycl,3mgv0jyllz
qz64lz3iz3,2187et43ep,ba15iez6n4
iwolns7uit,i1d609saoj,zy9kwyjpjw
cpzr0jqeth,vgvrv3b9qv,8nqbuknlcn
ruvemavmdw,ozak8dktie,n4v6y2zi39
9135q4nvrc,ku8aw5ze78,qxzqfdw0b0
h888rs4uuv,6gxqbfri2r,q8h8qjepjs
7wd5xlklsr,odmx2juq41,gvwoqo3fb5
r84m3r4u7z,ngg2lc6w33,5rhn09nzx8
gx170jrbrb,0tkfg3bski,ze14il9a2r
rbhrcaqz7z,ozfr9j0c6n,zy9kwyjpjw
y0cq65zt4w,umfdykdhxm,7lpyysb68c
ebbhbz887a,lm97j6ddul,4ecbg5bo6h
odmx2juq41,hjut3ks6uo,4ecbg5bo6h
347oad1bi5,fyo2srp68i,zy9kwyjpjw
sydncupv2o,ct20q9wu8k,bemtfu0jjz
v3e0hmgg7b,btg7dt4ubc,7kuhf7vzyw
3qahen9ljw,5v8e22wh2w,nnlupejcii
5idejnvkzb,3j29jcl6cu,5b4vsiz8z9
