obmm04wjuk,psch
8lb9fr1fxm,sfbc
108c64faac,uihc
ugi3w6ie3z,fat
qrtw3oohf2,ship
kavf2hbysd,lila
jd844dzj81,tannz
9sdizcpgt5,ndraw
ohwnxlm6gp,occ
ghpfgx96ey,eyesw
qpusng7824,incy
ic6yky3cq3,chdn
wbhbp480vs,regi
fridnhzmm3,mrsn
caouedw1in,ocul
195vebkf19,aia
ildk2j519g,artw
iyzw954xac,vsda
5wj2b7zdsc,nesrw
ynwiihwkb1,fund
gv23inmycl,catm
cu9ysa13eh,rfdi
rgoptornlx,srva
brewaa3q21,zionw
v2zeufvutu,eqrr
bfqahwxjqi,atrs
9fr5vdow36,cpah
lvr540ap4w,avgo
kdq9uy409t,mgee
3kdpdzk060,gevo
w18lvfi40i,fca
qln7b6tia7,nbn
dy57mtqxo6,geny
61mfe9c0ej,hyzd
ghpfgx96ey,tcf
t7lr41n52y,htbx
y0cq65zt4w,powl
hiufh0ekk6,faln
99z5k15864,rvnc
5wmfleb1hv,rbb
9h1ur140ub,hewg
teyp29jkf1,batrk
z95g49wvga,hifs
o0wjummvzo,ftsm
0qaxic6n2r,casy
dhjjyb01vp,smsi
6gas2hnzr2,cgbd
ghkz0ofcz3,acls
b8384t82s3,seneb
noztufx0bh,ha
b2lwsq5a2k,imte
w382xmxxta,veri
da0lezlz4k,wmgi
4uwqttlzps,inpx
h3xz7ri4j6,sien
a1z3gi3669,dgii
5h1b2x8vck,atlc
19l2ylo00w,fmnb
1rrr7adbqf,kbal
deyln96494,fnwb
w305rlt425,kmda
ovgf2914n4,midd
ozfr9j0c6n,blue
8bow72n40d,gpre
6ucpesq8vq,aal
zdg6dk84gt,cvti
ydq24ux449,rosew
7040k8ngh6,ofed
h30gvmya96,ttoo
b4jnvdf67q,pati
iji6ny717t,sasr
gfvwg4cj7s,ftxn
k3gdyf9iw0,gsbc
29oxnpme8r,irbt
optq11rsib,athx
uhqbrittwu,ottr
vgvrv3b9qv,wire
3qhg9f4ik1,xlnx
ly0ti6vbhr,chci
zgytdrojyl,trmt
6ucpesq8vq,kblmr
5c7wxglaaa,qcln
odmx2juq41,mik
9u1m1a0pxj,cil
m8n2ijch12,rilyz
gm8ry42ly4,mlnx
29oxnpme8r,zeus
ra2cent72s,prcp
4m9irk670a,mrcc
jg7664fvwq,cmrx
hi8hxxrxde,chw
kp4zkgxk3g,sbbp
nij9llgeao,mtsi
tnjk0vh6n3,logi
gtlrvr8i6l,fast
62j5wonoww,amat
da0lezlz4k,alna
0xcvzbxjlv,exas
k3xpiht56d,viav
8mo1z2wuhp,amrn
pt0zvxh3i0,trs
22m4q4m2kn,mdca
x1mfe964da,vtc
lfujz4gp4b,asnd
djf4ubosim,frba
w1osl71fpl,pih
kwpczyghy7,lvhd
v2i2pd1rxa,bndx
hj9po4qznd,rwlk
8fkea4ewfe,nesr
9r2olz4hrr,akba
u3ejohjz38,fep
l1gi7zgcq9,cdzi
kauvnb9099,cyad
6k6r7tw4ll,aeri
5wj2b7zdsc,adtn
zu5j4ocsdb,cgo
oh3ap55dc1,tapr
o7u9nni2yj,sedg
tzl0qzywnr,iphs
qvdej7zqzc,gecc
qiiiow492w,apop
1dwvu23ci8,opb
vc6grh9ocd,sngxw
orcsk0nlhu,ctmx
xkat7kjln8,spne
v6dvmoxe2v,gtls
mpxwvxcsxk,adtn
7r7pn0r25w,sunw
k3ch7wv1wo,clmt
daosnbtho1,vktxw
rdh3nx47sf,pico
zkd62876am,mlnt
7rt2aaqtmi,mtfb
0xcvzbxjlv,prph
gfvwg4cj7s,wrlsu
4ogau2kzym,vsda
g4bwbioyen,oxlc
81lt8uppun,dmpi
f6bt6nx7dy,unit
ytb2gm69ao,mdrx
dmc5akgk7n,cdc
ogtzgdc7s1,pcrx
z2t8ck4kgh,ftxg
tdhoid2evh,func
r40spkjcxx,azpn
jwlca4x7al,trst
caouedw1in,atrs
jlrr5ofwfg,dvax
52oi9t66ll,sqqq
f2i6q6imec,biib
vkifwcsa1w,qgen
f08swhb4pu,bkcc
cipoyxvd0u,bpy
omfieaf7me,fcal
pmmfg2fbft,sp
gfqojkjw2m,ltrpb
k4jgxibev2,dskew
jwxssu5z1k,azrx
jioaxlotsi,crto
xkat7kjln8,seac
mdvyeg9cxj,cost
xkat7kjln8,wdfc
l4oyam50zk,exls
srxc0ccmaj,txmd
6dooeuwhsa,qure
h3xz7ri4j6,pnnt
sg1qrhw68e,srpt
zlpmivv00y,expd
31gtaivovi,mnro
ajgc4bo6o3,upld
opy8q5yn8g,soxx
daosnbtho1,pbyi
5g74nzpfpo,mlab
fhupg3l6g1,pgti
17ksxa4xj9,srts
7zpbswbqx1,arcb
usjeya75od,mofg
w1ikx1cpcm,pnrg
l9334aevv6,optn
abaukk6iq1,pey
ajgc4bo6o3,aobc
xeqni7sfla,ircp
tm7hqirjyv,bctf
lz45mox4x8,fmci
y5kc200uvm,cohr
sfo4o5ngwp,sage
b8384t82s3,gvp
ly0ti6vbhr,ndaq
9hwsirqcwy,hope
ef7ceoicta,cath
hy0wxfqqja,frgi
bizjl6ein5,pavm
ne5if79zrn,capr
n7gbzg8xoj,wday
vk3ym05mkz,xlnx
rs2xikhhyz,agtc
h30gvmya96,reg
3qhg9f4ik1,marps
bdgx8ha0wb,fb
9hwsirqcwy,pvbc
w382xmxxta,chuy
43aveknkan,mlnx
w8dqkcv6qo,cass
9d9e0nfbll,vcel
41e674znhq,lpcn
jlrr5ofwfg,achn
22m4q4m2kn,mik
ouyt5wdv0j,brkl
yjibelcux7,smmf
t7lr41n52y,cris
mosu2r2h0s,acglp
t4o7bpaz3c,pfm
qm54q6zi5r,gbliz
2yn0dpljwk,cytk
slyvo929fx,frme
9ugwc3xs6i,ljpc
ykdtpam2v1,carg
s2hit8p6v0,acglo
xjyqe0qmpx,qlys
s8x3yx5coc,iep
to55t6gtl6,sfst
0xcvzbxjlv,fln
89w3fr3te9,ent
vr5zat7s94,cac
g0t0nbpgbw,accp
zgytdrojyl,otg
w64oxw1rwz,logm
66x3luhkmp,mrcy
lhwi7l92oo,odfl
olqx7hk5me,agncn
ph4r7qw1uj,htbk
4ogau2kzym,insm
9r2olz4hrr,osur
ruvemavmdw,bfin
iz3nc0oqpx,kblmw
3u69dfha5u,ubfo
7d4d0lbaql,mpwr
visy5fpw5l,pool
m2qwuz01p2,spkep
31o7il47jb,ssb
ram2xz922y,rnst
jyc2h3udks,azpn
hqgmko1fg6,pgnx
6daf8aoibw,fnhc
7olpzseuat,nbrv
jg7664fvwq,pacw
nai75ty88e,vygr
qfu6br1inr,atax
fs4llju7rg,dtul
59xif9z6yt,cdc
14btjei1vf,googl
f3f5bqenuo,syrs
9985mpxd27,ctg
ybelydl25g,ndls
jtwms353tb,pahc
5wj2b7zdsc,adbe
20rsjjyg9n,shbi
17ksxa4xj9,atax
fps6ob0f7o,nws
49q2ky3igm,opof
s0bsr0y8yu,ambc
g30nn28ud9,eyegw
p2zwqxr5f3,vtgn
jzgqyzi021,imos
u5b8mtvpky,rmbs
mmhhuxd5od,fomx
fs6ydwn3m3,irdm
7r7pn0r25w,hbp
x2wu0g8gxq,igov
ozak8dktie,femb
6daf8aoibw,rgco
nd8k7q80ni,utmd
31gtaivovi,fprx
efomnru8l8,xel
pvqtytjh91,ccrn
oeeeokbgcc,pey
by1h27jq20,ptla
t9if190vzm,gevo
odmx2juq41,ea
4ai8ktdf06,fmao
wf8qas7pkk,carg
3totldb00l,ophc
cwnk3vthsi,good
e7wla6wnt3,osis
e1ns804yob,glpi
i7h02wt4g2,egbn
sluc38p8wu,lulu
1axlc8yite,inod
8lb9fr1fxm,akam
el07hh4p9d,gyro
vymmxaxw6m,crws
z1hokwfjp5,amat
by1h27jq20,ieus
r2kkanqzny,veon
w5zkhg74bk,myl
a6pm4q1fx4,tur
4vdk3omcrx,opof
zdg6dk84gt,rven
ic6yky3cq3,rdvy
ildk2j519g,ctso
3qq9ykph7k,msex
7smuolpliz,nk
1fdne2keqx,qat
4ai8ktdf06,fdiv
idj1f7db50,cmtl
a8jh0ax3yd,natr
x1mfe964da,tsla
k3gdyf9iw0,hqy
fs6ydwn3m3,iphs
39xmts71v5,dvax
3j29jcl6cu,eema
uyh6udedst,adxs
6dbg4l3blq,indy
2v705vr7t2,rtix
ffwfyz0mv5,bkep
195vebkf19,tenx
5idejnvkzb,reph
dkq7uwsxnt,wstg
zmbkd01v1y,nxtd
qv7199smfe,fsz
hqm6tfg619,mbwm
1t2hjvudv2,ande
39xmts71v5,avnw
5a02oklpo7,clro
yw1xxvaacy,rwlk
kgd42zixzd,cdtx
a7zfkpoju7,bcli
k1ozwr09y3,epix
i3ggqfbn3z,newa
w9s51ehi85,ring
49q2ky3igm,hsii
hwvf4nt793,ainv
fyo2srp68i,jazz
kqyeucz6c8,djco
rubz47icfw,pcrx
oh3ap55dc1,azpn
3sc7q25ae7,lnt
pewatlnb83,bldp
7rt2aaqtmi,nndm
oun4u4cv5w,esgu
txi20l8lz3,true
5jlc945gbb,wifi
fyo2srp68i,iesc
lhlxuwe2aj,geos
csfrufch02,mitk
35zn0s1vck,irtc
f3rmq6a42s,gluu
h7bkri4uao,eigi
a9apc19evy,kffb
u9hpmz0jep,vwob
t4eth5dmgl,dvy
8jg5jz175u,dare
ka44vyojg0,ttek
5h1b2x8vck,nmih
9gc1f29w08,mdco
kdq9uy409t,azrx
wbhbp480vs,evgn
jbxnjp0uo6,prgx
op09n0ea0z,odp
7olpzseuat,dusa
rwnymull5j,acrx
fqtakbabkq,tlt
5idejnvkzb,gtyh
25vjedddoz,frph
m24moetid1,wstl
3crg2b9ks8,stpp
8p24zi0e7b,aldr
j3b74z60po,pvbc
j58c6uol3u,ssnt
mzwjk9g6oq,fstr
bldbc0id2b,faro
xkat7kjln8,hfbl
cvt5v7c3r2,smbc
kwpczyghy7,qdel
hpfq2xcz1r,psc
cvt5v7c3r2,tlgt
a7zfkpoju7,forty
7rt2aaqtmi,erii
4m9irk670a,terp
kf9wtlmh5b,amtx
egf5kxtmji,irbt
1hk2r8pgpp,mack
as8d2wiwe8,hx
9d9e0nfbll,clne
txi20l8lz3,xbit
i7h02wt4g2,aste
9e7xxh9qaa,glre
arwv19n5lb,akca
1dwvu23ci8,whlrp
wsitvftwvy,aapl
vcukul56lg,kala
wb8ooky581,nath
as8d2wiwe8,shy
jbxnjp0uo6,fanh
b4xu7wau3u,tcbil
vql3o59eli,shoo
5ftm6w1kp6,fsct
he06obafcj,grvy
dp33744dfl,fran
2ocuuskl9r,cpsi
d0ky6yny87,pavm
294lbwnt1e,gbli
ncxeaok27e,org
w1ikx1cpcm,chnr
dnyhu57vss,dwsn
zeei0t90j1,bcov
58ld3l74ib,wix
gmaal1wrpe,gars
obmm04wjuk,onvo
h4d7zl7ypw,cdk
zz85idbd1l,achv
w1ikx1cpcm,pbct
4m9irk670a,pnbk
lcixewm6tl,klac
xy2p7j6gy1,rnem
94a37zrb2l,trcb
m65a2gr5mg,cutr
6utji8hje9,csml
i7hkci7rso,exls
m2ky3kkes0,atrc
3ikan0yfy6,gulf
zeei0t90j1,fund
phma19q1x3,lnt
ygh1foj9yn,clwt
wmcyks3k0q,spok
39xmts71v5,ntct
g30nn28ud9,laws
4c35fb7wkv,seac
m8n2ijch12,onvo
6gas2hnzr2,aciu
ob34epennm,aspu
ihdrgro80v,tecd
tzl0qzywnr,fldm
wvq0ybspnf,airr
mfvqtyru8w,fex
s1s340nnan,insg
ghpfgx96ey,dtea
1wi3byzme5,camp
7p41nou5i8,meli
bklqrgzt06,avgo
iods32joth,acnb
x8g97w15a5,clrb
ivs9y64u28,jkhy
dsc2oobaw1,ebay
rbhrcaqz7z,cent
cm2n7najp3,vsec
3qhg9f4ik1,qumu
q3i44bhe31,skyw
i4ns8qm4ww,anda
0htq64ge18,hcci
lfujz4gp4b,dwsn
3a8sxw9pd0,tusk
odmx2juq41,ccd
r5m2m5eerp,coup
4m9irk670a,wlfc
deyln96494,once
usmj5pjklu,ostk
fdxjloas24,mgyr
xyx31a32j2,cnbka
ohzvdph4pp,refr
oc8ebhmhzf,flgt
x31slqc36c,sny
36qxtkxbqb,dax
ob34epennm,anss
6dbg4l3blq,apen
s2hit8p6v0,amtd
u6ws8hjtet,imrn
1z9yugueao,sp
cpzr0jqeth,adi
tzl0qzywnr,ltxb
wf8qas7pkk,dgld
5g74nzpfpo,dspg
9d9ghj1dnd,clls
5rhhoocgud,crvl
bfqahwxjqi,emcf
c6wuyx5xtm,nerv
ncxeaok27e,wwr
gwe7rm4zmf,trpx
s9y1mzm75z,dgii
ydq24ux449,vthr
9engczhcbb,amag
n5pvdufm7d,algn
b4xu7wau3u,cbfv
seduuobl4u,mrln
mjjiw7e44g,fex
gd62rc4ovo,fsbc
rexp7sjtrc,crbp
h888rs4uuv,boom
1kck1ev84v,hoft
vth6bku3jr,mxim
7q5s6y4mwk,fmhi
2reu47p9fr,clsd
u6ws8hjtet,brks
j58c6uol3u,nghcp
rjgjwhbafr,hgsh
abaukk6iq1,cwco
csfrufch02,aame
daxspbxnq9,fdus
7040k8ngh6,gars
z859coozxf,scyx
dbalra58as,exel
4uxibc2qn7,cme
cwh9n5s7mf,else
9nck718xu1,sbux
plxl3j5w8f,sndx
uwfiu26q70,lkfn
kauvnb9099,goodo
jfelwa65hc,fbms
ra2cent72s,rndb
ugi3w6ie3z,hds
w8dqkcv6qo,apwc
hgx6xfucfx,mchp
bklqrgzt06,fcco
ram2xz922y,sfix
hiufh0ekk6,prtk
0fi41k5m16,akca
fzxlo3nak8,mksi
p9ucnlyfx4,ftsl
02c4li45yc,yin
xy2p7j6gy1,atlc
gm8ry42ly4,cvti
tx89yssf2o,cacc
3a8sxw9pd0,vvpr
n9lubgpfvz,lndc
zkd62876am,grfs
0reaos9be6,atos
tm7hqirjyv,rnmc
ozpmio6wsk,gblil
wl4u4wp50b,qada
gqec6aj6hv,mysz
z2t8ck4kgh,abeow
kktp6cz8hx,trvg
kwpczyghy7,myrg
t4zq1fqxds,nh
3sc7q25ae7,gars
xv3i7fqggr,incy
5x9g4laya5,ibkr
qvdej7zqzc,sgrp
t4zq1fqxds,mgen
8gjzto4xzt,cass
zeei0t90j1,bnso
hqm6tfg619,axsm
p2zwqxr5f3,tipt
wlgjajpy26,zlab
0xcvzbxjlv,sumr
qrtw3oohf2,sblk
omfieaf7me,uslb
y6s4h3ebw8,slqd
gfvwg4cj7s,mndo
0nywujx2eu,iroq
btg7dt4ubc,cvly
uhqbrittwu,bvsn
4e7di3iqft,oxbr
7w5gnttm26,rfeu
umg65jqumh,pgnx
ozak8dktie,true
bez49ux9in,esq
qln7b6tia7,ktos
43aveknkan,whf
58ld3l74ib,cibr
omfieaf7me,chekw
e7wla6wnt3,pacw
eacs7eodq4,fyc
jpuom2s460,mat
udfmaf0rnh,mchi
9g475svfnc,abio
7l4y567gwu,wire
jsmg13vykv,lkq
ro0jh02jrx,cybr
8p24zi0e7b,ambcw
ne5if79zrn,rnem
k3gdyf9iw0,cnsl
h30gvmya96,abil
mrvzrriuhu,rndm
ylnre7bt4e,cownl
7r7pn0r25w,bgfv
0htq64ge18,whlrp
1ta6wyufv8,blcm
bzsxzlxyh9,cjjd
8mo1z2wuhp,brks
x9jkbzpgim,fex
ec8vt1jlox,bvsn
bdd0t2vb9y,cbfv
9g475svfnc,slab
9nck718xu1,dxge
p9ucnlyfx4,abeow
obmm04wjuk,ttoo
8ct6n3299i,dfvs
zrlv37c1w7,actg
ev4cvgsz1h,turn
rkl2ocfozz,fyc
8gjzto4xzt,usak
7smuolpliz,ecol
h35im6k2a2,gild
ozfr9j0c6n,mdiv
fps6ob0f7o,zg
ngovgtk5zi,hain
k3j93xryp8,aaon
ouyt5wdv0j,pscm
5rhhoocgud,onb
qiiiow492w,holi
lhlxuwe2aj,wood
5kvmpiz4yd,hbp
a6pm4q1fx4,slrc
ostka4pfui,pmts
d0ky6yny87,prpo
covwjv53yv,awre
yr3gpk12fd,gfnsl
9d9e0nfbll,mdso
yrx1bo4338,foxa
k3xpiht56d,info
mmhhuxd5od,mbwm
tixm0m48wa,gogo
7zpbswbqx1,trvn
t9kwtqvr9s,eigr
d6nl6lcnew,ctic
m7eat86gfe,ifmk
8vzjln04gj,seed
txi20l8lz3,fnhc
3cpfl0r4wn,tfsl
z859coozxf,srce
zu5j4ocsdb,sbcf
krtzxppm0i,nodk
vgt4z5c14o,mgpi
vebeu1fidc,rndv
l4oyam50zk,sauc
eknmprbzaz,arex
2v705vr7t2,sauc
xlvrl449oc,bnd
bklqrgzt06,tacow
5q8gome7dc,nymt
58dz2heqsi,aqms
9nck718xu1,slno
b4prcuzg8d,dwtr
kx7pwjfxvi,mays
zcwc4omusm,jrjc
dkq7uwsxnt,discb
frmk95e33s,bsqr
14btjei1vf,ibkc
22m4q4m2kn,isig
bpp54v7lup,insm
do6j3dxt3p,qat
ku8aw5ze78,cplp
ghpfgx96ey,wrlsw
ulv6j9a90q,bpfh
35mhmuxl6w,ctxrw
lyhe0edypo,atos
3cpfl0r4wn,pcty
hmdxyqw7vi,dare
ildk2j519g,aemd
hzxmk1bowi,jcom
v3e0hmgg7b,lyl
udilxedfve,bntcw
as8d2wiwe8,inwk
b9947kbbbs,pey
2sq1qsmkvq,asrvp
y6s4h3ebw8,car
ry9k9k65ni,sfbs
deyln96494,simo
tqkzbely0f,srdx
1pjaqo32nc,resn
oh3ap55dc1,sbbx
ghqs8s76vb,rndv
xop838i6b6,mpb
da0lezlz4k,jnce
lmp5iavqfh,nakd
nm8o9mmq6k,ovbc
luiuojsme7,tait
txi20l8lz3,smtc
iwolns7uit,strs
9427qd9afz,iknx
gfqojkjw2m,sskn
m332lmmw3a,cgix
q3xzqp4aru,pebo
02c4li45yc,lfus
w5zkhg74bk,sgen
8rmv0ksje9,pbct
wlgjajpy26,mmac
6gas2hnzr2,mosy
rrxpdr79sn,trow
h35im6k2a2,wrlsr
fcftt9whbl,mlvf
goq1a6dq7v,kbal
wskg2hnlrg,rvsb
t0x8lfhizr,bvxv
3crg2b9ks8,cccl
nai75ty88e,otg
tnhqq25or9,bioc
z3cbueb73z,toca
dmc5akgk7n,aeis
ghqs8s76vb,inbk
7d4d0lbaql,cbpo
q04oyaqyo0,axsm
gfvwg4cj7s,amrb
zekfvqx6qb,vvpr
k3j93xryp8,osbc
5idejnvkzb,ctas
15fw63622d,ravn
q3xzqp4aru,ltrpa
w1osl71fpl,agys
h7bkri4uao,bysi
qe1jb6gbpj,trs
h888rs4uuv,wdc
ewu5luxucm,diod
7r7pn0r25w,fisv
c9z5vg4ln3,ofed
7m61quoolc,fdiv
lhwi7l92oo,jobs
j4ac4fsoz3,liqt
8fig6fale3,veco
1t2hjvudv2,tsri
w7r02po1wx,arna
9l0mrawauv,nbev
by1h27jq20,wdfc
24nlwpf85n,lfus
hk81mb2f8w,fanh
kl3c2rngds,cris
cijo5ece8b,caas
8yq903qch3,tlnd
5idejnvkzb,hmst
mdvyeg9cxj,fthi
799cehme0c,whlrd
ypipxuzq5t,nssc
mosu2r2h0s,soho
2rkymfi845,kpti
5x9g4laya5,dwpp
ku0pi5n3v6,pth
gllh8kysgp,kgji
7zpbswbqx1,tecd
kbw2j3vck4,prft
61mfe9c0ej,arwr
cicbo7mo4e,dwat
odmx2juq41,mitk
41e674znhq,ubsi
axf3smv3z5,trib
h35im6k2a2,txrh
umg65jqumh,lake
9brupbdcbo,spex
ogtzgdc7s1,wrlsr
gtqaxbfqo6,asps
u05yh2j998,pkw
347oad1bi5,bmrn
ynwiihwkb1,grow
1t2hjvudv2,fwp
f3k6cd5dwh,mbin
cwh9n5s7mf,ipgp
08atjakbvk,cfa
5kvmpiz4yd,cbshp
2rkymfi845,cyrxw
9s1mtboklq,yrcw
ok8szf3gpk,aqms
mmhhuxd5od,krma
6vzzh4sv9x,gwrs
ulngyfnd28,nyny
q9xahp3132,splk
ygh1foj9yn,asur
51whmqqem3,vtgn
zdg6dk84gt,refr
iji6ny717t,snd
tsth0gysra,cbpo
fi4je1r3d8,ljpc
xmcxm6r1b0,mpvd
xmlzba1pdr,trip
vebeu1fidc,esge
lhwi7l92oo,osbcp
ram2xz922y,lgnd
omfieaf7me,pmd
mosu2r2h0s,wve
ngovgtk5zi,hbmd
olqx7hk5me,ugld
m24moetid1,ndra
kktp6cz8hx,pdce
5g74nzpfpo,ug
5wmfleb1hv,ilmn
orcsk0nlhu,fast
i5wsvh0qkv,gvp
ky2sh2vxzn,enta
hd7cfgijnw,stra
3cpfl0r4wn,msft
9r2olz4hrr,rgco
u9cg8c1573,idra
ntycvu9fuy,nwsa
q9xahp3132,vbiv
rkl2ocfozz,fcvt
k6hdfevruu,sfm
0tkfg3bski,bbgi
1oe6fdcypi,sp
628a3fn7t4,msg
um3jfm8n3o,altr
9fr5vdow36,lmbs
1oe6fdcypi,vtwv
1f2wbibdr1,gilt
7olpzseuat,mtem
ojeep3t8mj,osur
w64oxw1rwz,gt
jduu15c98v,mcri
1kck1ev84v,ubcp
m24moetid1,gsbc
5kvmpiz4yd,cpss
knzm93uzdr,ttd
xyx31a32j2,hnrg
35mhmuxl6w,stnl
8fig6fale3,ulta
j58c6uol3u,sivb
25vjedddoz,plya
ne5if79zrn,mosy
jfug1y14lv,srra
231znlobbg,cetv
3totldb00l,snsr
w8m4pjsdwc,cyan
mhnbb8q81h,cwst
4e7di3iqft,esg
7bsabcgc6w,vthr
saxt3lhr7j,frph
j97r2c9twu,fmhi
lfujz4gp4b,dnkn
2ocuuskl9r,flat
tzl0qzywnr,cdna
1hk2r8pgpp,trov
7wmpjotjl9,pcyo
xlvrl449oc,bhf
stvlaskb22,omab
fps6ob0f7o,ea
29oxnpme8r,twnkw
9ugwc3xs6i,fdbc
0fi41k5m16,lhcg
kqrl9sbykp,ldri
m24moetid1,susb
bcrkm12ris,cnty
wsitvftwvy,pfin
5a02oklpo7,pcom
y78urnyvq1,ccxi
k1ozwr09y3,mbuu
7wmpjotjl9,cffi
cpzr0jqeth,csgp
um2qix669j,hbcp
ngg2lc6w33,ottr
iods32joth,fcap
jopmeq0qal,ueps
w64oxw1rwz,vrml
jfug1y14lv,grmn
prvzgstcis,inwk
b9947kbbbs,batra
saxt3lhr7j,yten
3njlj83g9k,vrig
y23myolcvh,dusa
djf4ubosim,dtus
jdqhvvpfan,itic
kavf2hbysd,nvfy
phma19q1x3,snna
1hk2r8pgpp,amcx
n5pvdufm7d,fomx
gd62rc4ovo,plus
vrxrn8xma3,csfl
adezwrh8py,dgld
rpmww2pknn,oled
xul5evwzbn,carg
usmj5pjklu,pgnx
3qq9ykph7k,akba
j58c6uol3u,fmb
9gc1f29w08,hbmd
kktp6cz8hx,amnb
7xjm0wqvjr,cyou
wf2st5yro9,plce
3d9gn1zaor,ktovw
olqx7hk5me,iroq
bdd0t2vb9y,iei
jlrr5ofwfg,bzun
qpusng7824,tsg
i3ggqfbn3z,sbfg
zmbkd01v1y,pega
ydq24ux449,ezpw
b4xu7wau3u,ibtx
optq11rsib,sgma
qccx600dmb,psmt
zlrrc7wd6g,neos
0htq64ge18,mams
ku8aw5ze78,lbtya
d48oeklglb,uae
oc8ebhmhzf,igld
zo2c63ut26,alt
e8cnutnlm5,ostk
k4jgxibev2,ntgr
viptkzfon2,srev
mk2e1zrq1w,bcbp
uwfiu26q70,cffn
fihsuhiroq,smed
ky2sh2vxzn,lsbk
ulv6j9a90q,rbcaa
02c4li45yc,laur
gd62rc4ovo,neog
3u69dfha5u,twnk
7bsabcgc6w,geos
6k2gha8pwt,crsp
y6s4h3ebw8,fuv
l4oyam50zk,catb
24nlwpf85n,sgoc
n5pvdufm7d,xelb
ds2el0hh5l,dorm
qiiiow492w,rgen
jg7664fvwq,ibkcp
mjjiw7e44g,crmt
d48oeklglb,shoo
sxwoj658ez,gmlp
f306f1m90u,mlco
kp4zkgxk3g,vcyt
ouyt5wdv0j,obsv
8yso7x5r1v,mlco
1h9cx0phg9,cnbka
wdwp80cgn2,aaxn
7olpzseuat,lmat
fv71t3diwl,imkta
gtlrvr8i6l,cidm
7ws1z1rfxd,hcac
to55t6gtl6,siri
ssqanoo3af,mrus
ybu07m6wpc,pti
xeqni7sfla,hsii
w305rlt425,agys
p1znxzjxd9,rnmc
u8ypvbc7ak,prtk
81lt8uppun,vnqi
xbf35ap7dg,nvcr
5wmfleb1hv,cclp
pkjexjpw44,endp
zgytdrojyl,kbwd
mhnbb8q81h,cpta
5idejnvkzb,boxl
6d3km5eiyg,vglt
cm2n7najp3,cfa
2yl4aufuzr,rand
7rt2aaqtmi,wtfcm
m2ky3kkes0,cboe
j2zl01lp3v,mhld
nigt9m5cmb,mant
ssqanoo3af,sfbs
yr3gpk12fd,tues
4hujqhd549,nete
29oxnpme8r,ptnr
ihdrgro80v,gnma
ohzvdph4pp,cdev
hpfq2xcz1r,dwaq
f3k6cd5dwh,slvo
eiqzi6s0el,clne
3qahen9ljw,pbhc
2q1kk2sw4c,run
i7h02wt4g2,dwat
w382xmxxta,ssnt
vr5zat7s94,beat
f3k6cd5dwh,sfix
x2wu0g8gxq,bios
mjjiw7e44g,uihc
hqgmko1fg6,xnet
y78urnyvq1,aimt
l26uw2o289,rgls
snhg06bl4r,aciw
tqkzbely0f,rnst
wjx31wkzr1,ahpi
avt8ota0we,qcln
u8ypvbc7ak,cey
ngg2lc6w33,homb
uhqbrittwu,pyz
xkat7kjln8,tmus
bzsxzlxyh9,ndls
1wi3byzme5,hebt
0rnm3jgmz3,lscc
gv23inmycl,cetx
3ngb6139cr,audc
1hk2r8pgpp,sqbg
j4ac4fsoz3,imte
aggvq3dw70,srce
wskg2hnlrg,cbmg
ozpmio6wsk,mxim
7q5s6y4mwk,glbs
n7gbzg8xoj,pgj
b4jnvdf67q,lcahw
uhqbrittwu,odp
ulngyfnd28,mobl
ulv6j9a90q,acgl
wrery5om77,bgcp
14btjei1vf,ygyi
py6u3kntiv,nrim
o0wjummvzo,sckt
9sdizcpgt5,abdc
oio93csm8m,hmsy
j97r2c9twu,tess
sjda8e1x3d,frsx
7l4y567gwu,team
kypbzofwbv,banf
b2lwsq5a2k,iclr
b4jnvdf67q,sbny
1qqkooc8yt,luna
8jg5jz175u,veru
v3e0hmgg7b,pxs
ozpmio6wsk,rbcn
umfdykdhxm,sglb
ebbhbz887a,kalv
q0dfv08qdd,admp
35mhmuxl6w,vod
